"title","authors","date","status"
"Azureの知識地図 〜クラウドの基礎から実装・運用管理まで","土田 純平, 永田 祥平, 栗本 美穂, 石塚 航希, 乃村 翼, 草谷 一輝, 酒見 一幸","2025年5月13日","UNKNOWN"
"CSSとJavaScriptで作る動くUIアイデアレシピ","Mana","2025年5月11日","UNKNOWN"
"王者の挑戦　「少年ジャンプ＋」の10年戦記 (集英社ノンフィクション)","戸部田誠（てれびのスキマ）","2025年5月9日","UNKNOWN"
"図解入門ビジネス 最新 再生可能エネルギーの仕組みと動向がよ～くわかる本","今村雅人","2025年5月9日","UNKNOWN"
"極北ラプソディ２００９【電子特典付き】 (講談社文庫)","海堂尊","2025年5月8日","UNKNOWN"
"極北クレイマー２００８【電子特典付き】 (講談社文庫)","海堂尊","2025年5月8日","UNKNOWN"
"筺底のエルピス2　－夏の終わり－ (ガガガ文庫)","オキシタケヒコ","2025年5月1日","UNKNOWN"
"筺底のエルピス6　－四百億の昼と夜－ (ガガガ文庫)","オキシタケヒコ","2025年5月1日","UNKNOWN"
"筺底のエルピス3　－狩人のサーカス－ (ガガガ文庫)","オキシタケヒコ","2025年5月1日","UNKNOWN"
"筺底のエルピス5　－迷い子たちの一歩－ (ガガガ文庫)","オキシタケヒコ","2025年5月1日","UNKNOWN"
"筺底のエルピス4　－廃棄未来－ (ガガガ文庫)","オキシタケヒコ","2025年5月1日","UNKNOWN"
"筺底のエルピス　－絶滅前線－ (ガガガ文庫)","オキシタケヒコ","2025年5月1日","UNKNOWN"
"ドラゴン桜2(2) (コルク)","三田紀房","2025年4月28日","READ"
"ドラゴン桜2(1) (コルク)","三田紀房","2025年4月28日","READ"
"ドラゴン桜2(3) (コルク)","三田紀房","2025年4月28日","READ"
"全てがめんどくさいウサギ 2 (コルクスタジオ)","一秒","2025年4月28日","READ"
"生成AIアプリ開発大全――Difyの探求と実践活用","小野 哲","2025年4月26日","READ"
"UIデザインのアイデア帳　アプリ・Web制作の現場で使える 基本＋実践ノウハウ83","東影 勇太, 和田 直樹","2025年4月26日","UNKNOWN"
"コンサル時代に教わった 仕事ができる人の当たり前","西原 亮","2025年4月18日","UNKNOWN"
"AIとコミュニケーションする技術　プロンプティング・スキルの基礎と実践","森重真純","2025年4月13日","UNKNOWN"
"生成AIアプリケーション開発入門：基礎から応用まで学べるエンジニア向け実践ガイド","石 則春","2025年4月13日","UNKNOWN"
"チェンソーマン 20 (ジャンプコミックスDIGITAL)","藤本タツキ","2025年4月4日","READ"
"AWSクラウド設計完全ガイド","アクセンチュア 戸賀 慶/福垣内 孝造/竹内 誠一/浪谷 浩一/澤田 拓也/ 崎原 晴香/浅輪 和哉/村田 亜弥","2025年3月24日","UNKNOWN"
"ミステリと言う勿れ（１５） (フラワーコミックスα)","田村由美","2025年3月10日","READ"
"タワーダンジョン（４） (シリウスコミックス)","弐瓶勉","2025年3月7日","READ"
"BLUE GIANT MOMENTUM（４） (ビッグコミックススペシャル)","石塚真一","2025年2月28日","UNKNOWN"
"「正しく」失敗できるチームを作る──現場のリーダーのための恐怖と不安を乗り越える技術","石垣 雅人","2025年2月26日","UNKNOWN"
"20歳の自分に教えたいイスラム世界 (SB新書)","池上彰＋「池上彰のニュースそうだったのか！！」スタッフ","2025年2月17日","UNKNOWN"
"地政学が最強の教養である　“圧倒的教養”が身につく、たった1つの学問","田村 耕太郎","2025年2月17日","UNKNOWN"
"絵で見てわかるSQL Serverの仕組み","平山 理","2025年2月10日","UNKNOWN"
"数字であそぼ。（１３） (フラワーコミックスα)","絹田村子","2025年2月10日","UNKNOWN"
"ワールドトリガー 28 (ジャンプコミックスDIGITAL)","葦原大介","2025年2月4日","UNKNOWN"
"連続殺人鬼カエル男ふたたび (宝島社文庫)","中山七里","2025年2月1日","UNKNOWN"
"今、ラジオ全盛期。","冨山雄一","2025年2月1日","UNKNOWN"
"連続殺人鬼カエル男 (宝島社文庫)","中山七里","2025年1月25日","READ"
"望郷太郎（１２） (モーニングコミックス)","山田芳裕","2025年1月22日","UNKNOWN"
"ＲｕｓｔによるＷｅｂアプリケーション開発　設計からリリース・運用まで (ＫＳ情報科学専門書)","豊田優貴, 松本健太郎, 吉川哲史","2025年1月10日","UNKNOWN"
"AWSインフラサービス活用大全［第2版］ 構築・運用、自動化、データストア、高信頼化 impress top gearシリーズ","Andreas Wittig, Michael Wittig, 株式会社クイープ","2025年1月9日","UNKNOWN"
"プロセス・オブ・UI/UX［UXデザイン編］ 実践形式で学ぶリサーチからユーザー調査・企画・要件定義・改善まで","桂 信, 株式会社エクストーン","2025年1月9日","UNKNOWN"
"Figmaで作るUIデザインアイデア集 サンプルで学ぶ35のパターン","相原 典佳, 岡部 千幸","2025年1月7日","UNKNOWN"
"呪術廻戦 29 (ジャンプコミックスDIGITAL)","芥見下々","2024年12月25日","UNKNOWN"
"呪術廻戦 30 (ジャンプコミックスDIGITAL)","芥見下々","2024年12月25日","UNKNOWN"
"スキップとローファー（１１） (アフタヌーンコミックス)","高松美咲","2024年12月23日","UNKNOWN"
"来世ではちゃんとします 13 (ヤングジャンプコミックスDIGITAL)","いつまちゃん","2024年12月18日","UNKNOWN"
"中学受験は親が９割 ［令和最新版］","西村 則康","2024年12月16日","READ"
"＜中学受験＞親子で勝ちとる最高の合格","中曽根 陽子","2024年12月16日","UNKNOWN"
"超速で成果を出す アジャイル仕事術――プロフェッショナル２．０という働き方","坂田 幸樹","2024年12月8日","UNKNOWN"
"ローカル女子の遠吠え【電子限定版】　１１巻 (まんがタイムコミックス)","瀬戸口みづき","2024年12月6日","READ"
"チェンソーマン 19 (ジャンプコミックスDIGITAL)","藤本タツキ","2024年12月4日","UNKNOWN"
"Clean Architecture　達人に学ぶソフトウェアの構造と設計 (アスキードワンゴ)","Ｒｏｂｅｒｔ Ｃ．Ｍａｒｔｉｎ, 角 征典, 高木 正弘","2024年12月3日","UNKNOWN"
"独学の思考法　地頭を鍛える「考える技術」 (講談社現代新書)","山野弘樹","2024年11月30日","UNKNOWN"
"自転車屋さんの高橋くん 【電子限定特典付】 (8) (トーチコミックス)","松虫あられ","2024年11月28日","READ"
"オードリー・タン　私はこう思考する","オードリー・タン","2024年11月24日","UNKNOWN"
"プロジェクトマネジメント知識体系ガイド（PMBOKガイド）第7版＋プロジェクトマネジメント標準: PMI日本支部 監訳","プロジェクトマネジメント協会（PMI）","2024年11月24日","UNKNOWN"
"ミネルバ式 最先端リーダーシップ 不確実な時代に成果を出し続けるリーダーの18の思考習慣","黒川公晴","2024年11月23日","UNKNOWN"
"ブルーピリオド（１６） (アフタヌーンコミックス)","山口つばさ","2024年11月21日","READ"
"日本三國（６） (マンガワンコミックス)","松木いっか","2024年11月14日","UNKNOWN"
"日本生まれのインド人、メタ・バラッツのスパイスカレーユニバース (インターネットオブスパイス)","メタ・バラッツ","2024年11月14日","UNKNOWN"
"凡人の戦略　暗躍する仕事術","佐藤 満春","2024年11月9日","UNKNOWN"
"答え合わせ（マガジンハウス新書）","石田明","2024年11月9日","UNKNOWN"
"漫才過剰考察","令和ロマン・髙比良くるま","2024年11月9日","UNKNOWN"
"［作って学ぶ］ブラウザのしくみ──HTTP、HTML、CSS、JavaScriptの裏側 WEB+DB PRESS plus","土井 麻未","2024年11月9日","UNKNOWN"
"BLUE GIANT MOMENTUM（３） (ビッグコミックススペシャル)","石塚真一","2024年10月30日","UNKNOWN"
"エンジニアチームの生産性の高め方 〜開発効率を向上させて、人を育てる仕組みを作る","田中 洋一郎, 石川 宗寿, 若狹 建, 田中 優之, 小澤 正幸, 川中 真耶, 三木 康暉","2024年10月26日","READ"
"死はすぐそばに ホーソーン＆ホロヴィッツ・シリーズ (創元推理文庫)","アンソニー・ホロヴィッツ","2024年10月8日","UNKNOWN"
"タワーダンジョン（３） (シリウスコミックス)","弐瓶勉","2024年10月8日","READ"
"呪術廻戦 28 (ジャンプコミックスDIGITAL)","芥見下々","2024年10月4日","UNKNOWN"
"ジャンプSQ. 2024年11月号","ジャンプSQ.編集部","2024年10月4日","UNKNOWN"
"エンジニアが一生困らない ドキュメント作成の基本","仲田尚央","2024年10月3日","UNKNOWN"
"Software Design (ソフトウェアデザイン) 2024年10月号 [雑誌]","Software Design 編集部","2024年10月1日","UNKNOWN"
"上流から下流まで生成AIが変革するシステム開発","酒匂 寛","2024年10月1日","UNKNOWN"
"銀行とデザイン デザインを企業文化に浸透させるために","金澤 洋, 金子 直樹, 堀 祐子","2024年9月30日","UNKNOWN"
"プログラマー脳 ～優れたプログラマーになるための認知科学に基づくアプローチ","フェリエンヌ・ヘルマンス, 水野貴明, 水野いずみ","2024年9月28日","UNKNOWN"
"C#ユーザーのためのWebアプリ開発パターン ASP.NET Core Blazorによるエンタープライズアプリ開発","伊藤 稔, 大田 一希, 小山 崇, 辻本 海成, 久野 太三, 赤間 信幸, 井上 章","2024年9月28日","UNKNOWN"
"コード×AIーソフトウェア開発者のための生成AI実践入門","服部 佑樹","2024年9月26日","UNKNOWN"
"努力は仕組み化できる　自分も・他人も「やるべきこと」が無理なく続く努力の行動経済学","山根承子","2024年9月25日","UNKNOWN"
"灘校と西大和学園で教え子５００人以上を東大合格させたキムタツの「東大に入る子」が実践する勉強の真実 (角川書店単行本)","木村 達哉","2024年9月25日","UNKNOWN"
"数字であそぼ。（１２） (フラワーコミックスα)","絹田村子","2024年9月25日","UNKNOWN"
"エンジニアリングが好きな私たちのための　エンジニアリングマネジャー入門","サラ・ドラスナー","2024年9月13日","UNKNOWN"
"現場のPython──Webシステム開発から、機械学習・データ分析まで Web＋DB PRESS plus","altnight, 石上 晋, delhi09, 鈴木 たかのり, 斎藤 努","2024年9月13日","UNKNOWN"
"［増補改訂］関数プログラミング実践入門 ──簡潔で、正しいコードを書くために WEB+DB PRESS plus","大川徳之","2024年9月11日","UNKNOWN"
"「やりたいこと」からパッと引ける Googleアナリティクス4 設定・分析のすべてがわかる本","小川 卓","2024年9月9日","READ"
"ボタニストの殺人　下 ワシントン・ポー (ハヤカワ・ミステリ文庫)","Ｍ Ｗ クレイヴン","2024年9月7日","UNKNOWN"
"ボタニストの殺人　上 ワシントン・ポー (ハヤカワ・ミステリ文庫)","Ｍ Ｗ クレイヴン","2024年9月7日","READ"
"AIエディタCursor完全ガイド ―やりたいことを伝えるだけでできる新世代プログラミング―","木下雄一朗","2024年9月6日","UNKNOWN"
"肥満の科学　ヒトはなぜ太るのか","リチャード・J・ジョンソン","2024年9月3日","UNKNOWN"
"アーキテクトの教科書 価値を生むソフトウェアのアーキテクチャ構築","米久保 剛","2024年8月17日","UNKNOWN"
"コンピュータ、どうやってつくったんですか？ はじめて学ぶ コンピュータの歴史としくみ","川添愛","2024年8月9日","UNKNOWN"
"わかったつもり～読解力がつかない本当の原因～ (光文社新書)","西林 克彦","2024年8月5日","UNKNOWN"
"チェンソーマン 18 (ジャンプコミックスDIGITAL)","藤本タツキ","2024年8月2日","READ"
"Web API設計実践入門──API仕様ファーストによるテスト駆動開発 Web＋DB PRESS plusシリーズ","柴田 芳樹","2024年7月25日","UNKNOWN"
"マンガでわかる発電・送配電","十凪高志, 藤田吾郎","2024年7月12日","UNKNOWN"
"日本三國（５） (マンガワンコミックス)","松木いっか","2024年7月11日","UNKNOWN"
"カリスマ家庭教師が秘策を伝授！ 中学受験「算数」教え方のコツ","安浪 京子, 富田 佐織","2024年7月5日","UNKNOWN"
"バンオウ-盤王- 8 (ジャンプコミックスDIGITAL)","綿引智也, 春夏冬画楽","2024年7月4日","READ"
"呪術廻戦 27 (ジャンプコミックスDIGITAL)","芥見下々","2024年7月4日","UNKNOWN"
"［入門］ドメイン駆動設計――基礎と実践・クリーンアーキテクチャ Software Design別冊","増田 亨, 田中 ひさてる, 奥澤 俊樹, 中村 充志, 成瀬 允宣, 大西 政徳","2024年7月1日","UNKNOWN"
"BLUE GIANT MOMENTUM（２） (ビッグコミックススペシャル)","石塚真一","2024年6月28日","UNKNOWN"
"数学ゴールデン 6 (ヤングアニマルコミックス)","藏丸竜彦","2024年6月28日","UNKNOWN"
"大規模言語モデルを使いこなすためのプロンプトエンジニアリングの教科書","クジラ飛行机","2024年6月26日","UNKNOWN"
"集中力がすべてを解決する　精神科医が教える「ゾーン」に入る方法","樺沢 紫苑","2024年6月26日","UNKNOWN"
"望郷太郎（１１） (モーニングコミックス)","山田芳裕","2024年6月21日","UNKNOWN"
"ソフトウェア開発現場の「失敗」集めてみた。 42の失敗事例で学ぶチーム開発のうまい進めかた","出石 聡史","2024年6月13日","UNKNOWN"
"ミステリと言う勿れ（１４） (フラワーコミックスα)","田村由美","2024年6月10日","READ"
"エレガントパズル　エンジニアのマネジメントという難問にあなたはどう立ち向かうのか","Will Larson","2024年6月6日","UNKNOWN"
"生成AI 真の勝者","島津 翔","2024年6月5日","UNKNOWN"
"サイゼリヤの法則　なぜ「自分中心」をやめると、ビジネスも人生もうまくいくのか？","正垣 泰彦","2024年6月4日","UNKNOWN"
"バンオウ-盤王- 7 (ジャンプコミックスDIGITAL)","綿引智也, 春夏冬画楽","2024年6月4日","READ"
"僕と妻の場合――僕たち夫婦が仲良く暮らしている理由","漢弾地","2024年5月30日","UNKNOWN"
"マイナス金利解除でどう変わる (日経プレミアシリーズ)","清水功哉","2024年5月26日","UNKNOWN"
"生成AIで世界はこう変わる (SB新書)","今井 翔太","2024年5月20日","READ"
"現場で使えるTypeScript 詳解実践ガイド","菅原浩之","2024年5月17日","UNKNOWN"
"Linuxとpthreadsによる マルチスレッドプログラミング入門","渋谷克智","2024年5月17日","UNKNOWN"
"タワーダンジョン（２） (シリウスコミックス)","弐瓶勉","2024年5月9日","READ"
"トリリオンゲーム（９） (ビッグコミックス)","池上遼一","2024年5月5日","UNKNOWN"
"ワールドトリガー 27 (ジャンプコミックスDIGITAL)","葦原大介","2024年5月5日","READ"
"データモデリングでドメインを駆動する──分散／疎結合な基幹系システムに向けて","杉本 啓","2024年5月1日","UNKNOWN"
"デザイナーのとなりで仕事を見ている気分 「そのデザイン、どうやって作るの？」が分かる、デザインの参考書","森田 啓一","2024年4月20日","UNKNOWN"
"プロ経営者・CxOになる人の絶対法則","荒井裕之, 小杉俊哉","2024年4月20日","UNKNOWN"
"来世ではちゃんとします 12 (ヤングジャンプコミックスDIGITAL)","いつまちゃん","2024年4月18日","UNKNOWN"
"数字であそぼ。（１１） (フラワーコミックスα)","絹田村子","2024年4月13日","UNKNOWN"
"情報を正しく選択するための認知バイアス事典 行動経済学・統計学・情報学 編","情報文化研究所","2024年4月6日","UNKNOWN"
"やればやせる！　38歳、挫折のプロでも25kg減の続けられるダイエット","ねこくら りえ","2024年4月6日","UNKNOWN"
"バンオウ-盤王- 6 (ジャンプコミックスDIGITAL)","綿引智也, 春夏冬画楽","2024年4月5日","READ"
"バンオウ-盤王- 5 (ジャンプコミックスDIGITAL)","綿引智也, 春夏冬画楽","2024年4月5日","READ"
"バンオウ-盤王- 4 (ジャンプコミックスDIGITAL)","綿引智也, 春夏冬画楽","2024年4月5日","READ"
"バンオウ-盤王- 3 (ジャンプコミックスDIGITAL)","綿引智也, 春夏冬画楽","2024年4月5日","READ"
"バンオウ-盤王- 2 (ジャンプコミックスDIGITAL)","綿引智也, 春夏冬画楽","2024年4月5日","READ"
"バンオウ-盤王- 1 (ジャンプコミックスDIGITAL)","綿引智也, 春夏冬画楽","2024年4月5日","READ"
"チェンソーマン 17 (ジャンプコミックスDIGITAL)","藤本タツキ","2024年4月4日","READ"
"呪術廻戦 26 (ジャンプコミックスDIGITAL)","芥見下々","2024年4月4日","UNKNOWN"
"人生後半の戦略書　ハーバード大教授が教える人生とキャリアを再構築する方法","アーサー・C・ブルックス","2024年3月29日","UNKNOWN"
"セキュアなソフトウェアの設計と開発","ローレン・コンフェルダー, 秋勇紀, 高田新山, 小出洋","2024年3月23日","UNKNOWN"
"スキップとローファー（１０） (アフタヌーンコミックス)","高松美咲","2024年3月22日","READ"
"独学コンピューターサイエンティスト Pythonで学ぶアルゴリズムとデータ構造","コーリー・アルソフ","2024年3月13日","UNKNOWN"
"ITエンジニア１年生のためのまんがでわかるLinux シェルスクリプト応用＆ネットワーク操作編","Piro, 日経Linux","2024年3月13日","UNKNOWN"
"ソフトウェア要求　第3版","カール ウィーガーズ；ジョイ ビーティ","2024年3月13日","UNKNOWN"
".NETのクラスライブラリ設計　改訂新版　開発チーム直伝の設計原則、コーディング標準、パターン","Krzysztof Cwalina, Jeremy Barton, Brad Abrams","2024年3月13日","UNKNOWN"
"ITエンジニア1年生のための まんがでわかるLinux コマンド＆シェルスクリプト基礎編","Piro, 日経Linux","2024年3月13日","UNKNOWN"
"アルゴリズムの乙女たち (徳間文庫)","明治依吹","2024年3月13日","UNKNOWN"
"作って学ぶ　HTML+CSSグリッドレイアウト","エビスコム","2024年3月5日","UNKNOWN"
"図解即戦力　システム設計のセオリーと実践⽅法がこれ1冊でしっかりわかる教科書","石黒 直樹","2024年3月1日","UNKNOWN"
"生成AI時代の新プログラミング実践ガイド Pythonで学ぶGPTとCopilotの活用ベストプラクティス","松本直樹","2024年3月1日","UNKNOWN"
"BLUE GIANT EXPLORER（９） (ビッグコミックス)","石塚真一","2024年2月29日","UNKNOWN"
"BLUE GIANT MOMENTUM（１） (ビッグコミックススペシャル)","石塚真一","2024年2月29日","READ"
"面倒なことはＣｈａｔＧＰＴにやらせよう (ＫＳ情報科学専門書)","カレーちゃん, からあげ","2024年2月27日","UNKNOWN"
"科学的根拠に基づく最高の勉強法","安川 康介","2024年2月21日","UNKNOWN"
"1秒で答えをつくる力――お笑い芸人が学ぶ「切り返し」のプロになる４８の技術","本多 正識","2024年2月18日","UNKNOWN"
"その仕事、AIエージェントがやっておきました。 ――ChatGPTの次に来る自律型AI革命","西見 公宏","2024年2月18日","UNKNOWN"
"プロのコーディングが身につくHTML/CSSスキルアップレッスン すぐに活かせてずっと役立つ現場のテクニック","千貫 りこ","2024年2月16日","UNKNOWN"
"「悩まない」配色の基本 好きな色から考える","細山田デザイン事務所","2024年2月16日","UNKNOWN"
"電験カフェへようこそ ―電験三種のギモン・お悩み解決します―","カフェジカ, 電験アカデミア","2024年2月16日","UNKNOWN"
"世界は経営でできている (講談社現代新書)","岩尾俊兵","2024年2月14日","UNKNOWN"
"動かして学ぶ！Flutter開発入門","掛内 一章","2024年2月14日","UNKNOWN"
"タワーダンジョン（１） (シリウスコミックス)","弐瓶勉","2024年2月10日","READ"
"ゼロからスタート！　桜庭裕介の電験三種１冊目の教科書","桜庭 裕介","2024年2月5日","UNKNOWN"
"なぜあの人の解決策はいつもうまくいくのか？―小さな力で大きく動かす！システム思考の上手な使い方","枝廣 淳子, 小田 理一郎","2024年2月2日","UNKNOWN"
"仕事の辞め方 (幻冬舎単行本)","鈴木おさむ","2024年1月25日","READ"
"体験しながら学ぶ ネットワーク技術入門","みやた ひろし","2024年1月24日","UNKNOWN"
"望郷太郎（１０） (モーニングコミックス)","山田芳裕","2024年1月24日","UNKNOWN"
"Azure OpenAI ServiceではじめるChatGPT/LLMシステム構築入門 エンジニア選書","永田 祥平, 伊藤 駿汰, 宮田 大士, 立脇 裕太, 花ケ﨑 伸祐, 蒲生 弘郷, 吉田 真吾","2024年1月24日","UNKNOWN"
"勝てるデザイン (幻冬舎単行本)","前田高志","2024年1月19日","UNKNOWN"
"C#フレームワーク ASP.NET Core入門 .NET 7対応","掌田津耶乃","2024年1月10日","UNKNOWN"
"受験は要領 テクニック編 「参考書は何をどう使うか」から、効率のいい勉強法・生活術まで (PHP文庫)","和田秀樹","2024年1月6日","UNKNOWN"
"難関大学も恐くない 受験は要領 たとえば、数学は解かずに解答を暗記せよ (PHP文庫)","和田秀樹","2024年1月6日","UNKNOWN"
"呪術廻戦 25 (ジャンプコミックスDIGITAL)","芥見下々","2024年1月4日","UNKNOWN"
"Ｍ－１はじめました。","谷 良一","2023年12月29日","READ"
"熟達論―人はいつまでも学び、成長できる―","為末大","2023年12月29日","UNKNOWN"
"AWS継続的セキュリティ実践ガイド ログの収集／分析による監視体制の構築","日比野 恒","2023年12月22日","UNKNOWN"
"無職転生 ～異世界行ったら本気だす～ 25 (MFブックス)","理不尽な孫の手","2023年12月15日","READ"
"無職転生 ～異世界行ったら本気だす～ 26 (MFブックス)","理不尽な孫の手","2023年12月15日","READ"
"無職転生 ～異世界行ったら本気だす～ 24 (MFブックス)","理不尽な孫の手","2023年12月15日","READ"
"無職転生 ～異世界行ったら本気だす～ 17 (MFブックス)","理不尽な孫の手","2023年12月14日","READ"
"無職転生 ～異世界行ったら本気だす～ 16 (MFブックス)","理不尽な孫の手","2023年12月13日","READ"
"無職転生 ～異世界行ったら本気だす～ 15 (MFブックス)","理不尽な孫の手","2023年12月13日","READ"
"マルチクラウドネットワークの教科書 耐障害性と冗長性を実現するデザインパターン","宮川 亮","2023年12月11日","UNKNOWN"
"自由研究には向かない殺人 〈自由研究には向かない殺人〉シリーズ (創元推理文庫)","ホリー・ジャクソン","2023年12月9日","UNKNOWN"
"ElixirではじめるIoT開発入門　Nervesプラットフォームで組み込み開発にトライ！ 技術の泉シリーズ","三宅 泰宏","2023年12月8日","UNKNOWN"
"ローカル女子の遠吠え【電子限定版】　１０巻 (まんがタイムコミックス)","瀬戸口みづき","2023年12月7日","READ"
"チェンソーマン 16 (ジャンプコミックスDIGITAL)","藤本タツキ","2023年12月4日","UNKNOWN"
"ナイフをひねれば ホーソーン＆ホロヴィッツ・シリーズ (創元推理文庫)","アンソニー・ホロヴィッツ","2023年12月2日","READ"
"マンガ ビジネスモデル全史 新世紀篇 マンガビジネスモデル全史","三谷宏治","2023年12月2日","UNKNOWN"
"マンガ ビジネスモデル全史 創世記篇 マンガビジネスモデル全史","三谷宏治","2023年12月2日","UNKNOWN"
"トリリオンゲーム（８） (ビッグコミックス)","池上遼一","2023年12月2日","UNKNOWN"
"ストーリーとしての競争戦略 Hitotsubashi Business Review Books","楠木 建","2023年12月2日","UNKNOWN"
"基礎からの新しいストレージ入門 基本技術から設計・運用管理の実践まで","坂下幸徳","2023年12月2日","UNKNOWN"
"プロジェクトマネジメントの基本が全部わかる本 交渉・タスクマネジメント・計画立案から見積り・契約・要件定義・設計・テスト・保守改善まで","橋本 将功","2023年12月1日","UNKNOWN"
"インターネットルーティング入門 第3版","友近 剛史, 池尻 雄一, 白崎 泰弘","2023年11月26日","UNKNOWN"
"自転車屋さんの高橋くん 【電子限定特典付】 (7) (トーチコミックス)","松虫あられ","2023年11月26日","UNKNOWN"
"フロントエンドの知識地図—— 一冊でHTML/CSS/JavaScriptの開発技術が学べる本","池田 泰延, 西原 翼, 松本 ゆき","2023年11月24日","UNKNOWN"
"習慣の力〔新版〕 (ハヤカワ文庫NF)","チャールズ デュヒッグ","2023年11月23日","UNKNOWN"
"ブルーピリオド（１５） (アフタヌーンコミックス)","山口つばさ","2023年11月22日","READ"
"ChatGPT最強の仕事術","池田朋弘","2023年11月21日","UNKNOWN"
"日本三國（４） (マンガワンコミックス)","松木いっか","2023年11月19日","UNKNOWN"
"ザ・ダークパターン ユーザーの心や行動をあざむくデザイン","仲野 佑希","2023年11月17日","UNKNOWN"
"マスタリングTCP/IP ルーティング編","山川秀人, 水谷昭博, 亀野英孝, 森明治","2023年11月17日","UNKNOWN"
"おかたいデザイン","平本 久美子","2023年11月17日","UNKNOWN"
"そもそものデザインのりくつ","シブヤ領一（ぱちぱち）","2023年11月17日","UNKNOWN"
"Rustプログラミング完全ガイド 他言語との比較で違いが分かる！ impress top gearシリーズ","Carlo Milanesi, 吉川 邦夫","2023年11月17日","UNKNOWN"
"コンテナセキュリティ　コンテナ化されたアプリケーションを保護する要素技術","Liz Rice, 株式会社スリーシェイク　監修, 水元 恭平　訳, 生賀 一輝　訳, 戸澤 涼　訳, 元内 柊也　訳","2023年11月17日","UNKNOWN"
"自律神経が10割――心と体が整う最高の習慣","小林 弘幸","2023年11月11日","UNKNOWN"
"超速でわかる！宇宙ビジネス","片山 俊大","2023年11月11日","UNKNOWN"
"10倍速で成果が出る！ChatGPTスゴ技大全","武井 一巳","2023年11月11日","UNKNOWN"
"もっと「いいこと」がいっぱい起こる！ブッダの言葉ゴールド (王様文庫)","植西 聰","2023年11月8日","UNKNOWN"
"読むだけで人間力が高まる88話","「ニューモラル」仕事と生き方研究会, モラロジー道徳教育財団","2023年11月8日","UNKNOWN"
"HTML解体新書","太田良典","2023年11月4日","UNKNOWN"
"現場のプロがわかりやすく教えるUI/UXデザイナー養成講座","本末英樹","2023年11月3日","UNKNOWN"
"超一流が実践する思考法を世界中から集めて一冊にまとめてみた。","ガブリエル・ワインバーグ, ローレン・マッキャン","2023年10月25日","UNKNOWN"
"HTML/CSSブロックコーディング デザインをすらすら再現できる","笠井 枝理依","2023年10月23日","UNKNOWN"
"AI仕事革命","谷口恵子","2023年10月23日","UNKNOWN"
"幽玄Ｆ","佐藤究","2023年10月23日","UNKNOWN"
"世界一流エンジニアの思考法 (文春e-book)","牛尾 剛","2023年10月23日","UNKNOWN"
"ChatGPT/LangChainによるチャットシステム構築［実践］入門","吉田 真吾, 大嶋 勇樹","2023年10月19日","UNKNOWN"
"図解入門よくわかる最新半導体の基本と仕組み[第3版]","西久保靖彦","2023年10月18日","UNKNOWN"
"呪術廻戦 24 (ジャンプコミックスDIGITAL)","芥見下々","2023年10月4日","UNKNOWN"
"コンピュータの構成と設計　MIPS Edition　第6版 　上・下電子合本版","David Patterson, John Hennessy","2023年10月1日","UNKNOWN"
"ソフトウェア開発にChatGPTは使えるのか？――設計からコーディングまでAIの限界を探る","小野 哲","2023年9月26日","UNKNOWN"
"UIデザイン必携 ユーザーインターフェースの設計と改善を成功させるために","原田 秀司","2023年9月23日","UNKNOWN"
"マスタリングTCP/IP　入門編（第6版）","井上直也, 村山公保, 竹下隆史, 荒井透, 苅田幸雄","2023年9月22日","UNKNOWN"
"ロギング仕事術 課題に気づく、タスクが片づく、成果が上がる (大和出版)","倉下 忠憲","2023年9月20日","UNKNOWN"
"来世ではちゃんとします 11 (ヤングジャンプコミックスDIGITAL)","いつまちゃん","2023年9月19日","UNKNOWN"
"ミステリと言う勿れ（１３） (フラワーコミックスα)","田村由美","2023年9月8日","READ"
"三十路病の唄　５巻 (トレイルコミックス)","河上だいしろう","2023年8月26日","READ"
"三十路病の唄　４巻 (トレイルコミックス)","河上だいしろう","2023年8月26日","UNKNOWN"
"三十路病の唄　６巻 (トレイルコミックス)","河上だいしろう","2023年8月26日","READ"
"三十路病の唄　７巻 (トレイルコミックス)","河上だいしろう","2023年8月26日","READ"
"2050年の世界　見えない未来の考え方 (日本経済新聞出版)","ヘイミシュ・マクレイ","2023年8月26日","UNKNOWN"
"スキップとローファー（９） (アフタヌーンコミックス)","高松美咲","2023年8月23日","UNKNOWN"
"クジャクのダンス、誰が見た？（１） (Ｋｉｓｓコミックス)","浅見理都","2023年8月17日","READ"
"ザイム真理教","森永 卓郎","2023年8月13日","UNKNOWN"
"数字であそぼ。（１０） (フラワーコミックスα)","絹田村子","2023年8月10日","UNKNOWN"
"おひとりさまホテル　2巻 (バンチコミックスコラル)","まろ, マキヒロチ","2023年8月8日","UNKNOWN"
"なっとく！関数型プログラミング","Michał Płachta","2023年8月7日","READ"
"Web APIテスト技法","Mark Winteringham","2023年8月5日","UNKNOWN"
"Ｃｈａｔｔｅｒ（チャッター）―「頭の中のひとりごと」をコントロールし、最良の行動を導くための２６の方法","イーサン・クロス","2023年8月5日","UNKNOWN"
"チェンソーマン 15 (ジャンプコミックスDIGITAL)","藤本タツキ","2023年8月5日","UNKNOWN"
"HUNTER×HUNTER クラピカ追憶編 (ジャンプコミックスDIGITAL)","冨樫義博","2023年7月26日","READ"
"ブルーピリオド（１４） (アフタヌーンコミックス)","山口つばさ","2023年7月21日","READ"
"エバンジェリストの知識と経験を1冊にまとめた　AWS開発を《成功》させる技術","高岡 将, 佐々木 亨","2023年7月15日","UNKNOWN"
"トリリオンゲーム（７） (ビッグコミックス)","池上遼一","2023年7月15日","UNKNOWN"
"傲慢と善良 (朝日文庫)","辻村　深月","2023年7月15日","READ"
"ＢＵＩＬＤ　真に価値あるものをつくる型破りなガイドブック","トニー ファデル","2023年7月15日","UNKNOWN"
"おとうふ次元 2 (MFC)","カミムラ 晋作","2023年7月13日","UNKNOWN"
"おとうふ次元 1 (MFC)","カミムラ 晋作","2023年7月13日","UNKNOWN"
"おとうふ次元 3 (MFC)","カミムラ 晋作","2023年7月13日","UNKNOWN"
"Kubernetesの知識地図 —— 現場での基礎から本番運用まで","青山 真也, 小竹 智士, 長谷川 誠, 川部 勝也, 岩井 佑樹, 杉浦 智基","2023年7月6日","UNKNOWN"
"Webセキュリティ担当者のための脆弱性診断スタートガイド 第2版 上野宣が教える新しい情報漏えいを防ぐ技術","上野 宣","2023年7月5日","UNKNOWN"
"呪術廻戦 23 (ジャンプコミックスDIGITAL)","芥見下々","2023年7月4日","UNKNOWN"
"一級建築士矩子の設計思考 2","鬼ノ仁","2023年6月23日","UNKNOWN"
"望郷太郎（９） (モーニングコミックス)","山田芳裕","2023年6月23日","UNKNOWN"
"ワールドトリガー 26 (ジャンプコミックスDIGITAL)","葦原大介","2023年6月2日","UNKNOWN"
"とにかく仕組み化――人の上に立ち続けるための思考法","安藤 広大","2023年5月31日","UNKNOWN"
"SAML入門 技術の泉シリーズ (技術の泉シリーズ（NextPublishing）)","廣瀬 翔遥","2023年5月27日","UNKNOWN"
"OpenID Connect入門: 概念からセキュリティまで体系的に押さえる","土岐 孝平","2023年5月27日","UNKNOWN"
"おひとりさまホテル　1巻 (バンチコミックスコラル)","まろ, マキヒロチ","2023年5月21日","UNKNOWN"
"作って学ぶルーティングプロトコル　RustでBGPを実装 (技術の泉シリーズ（NextPublishing）)","三好 陵太","2023年5月7日","UNKNOWN"
"数学ゴールデン 5 (ヤングアニマルコミックス)","藏丸竜彦","2023年4月28日","UNKNOWN"
"将棋［初段になれるかな］大会議","高野 秀行, 岡部 敬史, さくら はな。","2023年4月25日","UNKNOWN"
"将棋「初段になれるかな」会議 (ＳＰＡ！ＢＯＯＫＳ新書)","高野 秀行, 岡部 敬史, さくらはな。","2023年4月25日","UNKNOWN"
"Kubernetesトラブルシューティングガイド 技術の泉シリーズ","桐井 祐樹, 小沢 周平","2023年4月22日","UNKNOWN"
"AWSコスト最適化ガイドブック","門畑 顕博, 仁戸 潤一郎, 柳 嘉起, 杉 達也, 小野 俊樹, 藤本 剛志","2023年4月11日","UNKNOWN"
"AWSではじめるクラウドセキュリティ　クラウドで学ぶセキュリティ設計/実装","松本 照吾, 桐谷 彰一, 畠中 亮, 前田 駿介","2023年4月9日","UNKNOWN"
"トリリオンゲーム（６） (ビッグコミックス)","池上遼一","2023年4月9日","UNKNOWN"
"チェンソーマン 14 (ジャンプコミックスDIGITAL)","藤本タツキ","2023年4月4日","READ"
"AWS運用入門　押さえておきたいAWSの基本と運用ノウハウ","佐竹 陽一, 山﨑 翔平, 小倉 大, 峯 侑資","2023年4月3日","UNKNOWN"
"モデルベース要件定義テクニック","神崎善司","2023年4月2日","UNKNOWN"
"半年で18キロ痩せた話 やしろあずきマンガ日記集","やしろあずき","2023年4月2日","UNKNOWN"
"ユーザーの問題解決とプロダクトの成功を導く　エンジニアのためのドキュメントライティング","ジャレッド・バーティ, ザッカリー・サラ・コーライセン, ジェン・ランボーン, デービッド・ヌーニェス, ハイディ・ウォーターハウス","2023年3月18日","UNKNOWN"
"完全無欠の問題解決: 不確実性を乗り越える7ステップアプローチ","チャールズ・コン, ロバート・マクリーン","2023年3月17日","UNKNOWN"
"スタンドUPスタート 10 (ヤングジャンプコミックスDIGITAL)","福田秀, 上野豪","2023年3月17日","UNKNOWN"
"数字であそぼ。（９） (フラワーコミックスα)","絹田村子","2023年3月13日","UNKNOWN"
"スターにはなれませんでしたが","佐藤 満春","2023年3月5日","UNKNOWN"
"欲望の見つけ方　お金・恋愛・キャリア","ルーク バージス","2023年3月5日","UNKNOWN"
"AIの遺電子　8 (少年チャンピオン・コミックス)","山田胡瓜","2023年3月4日","READ"
"AIの遺電子　6 (少年チャンピオン・コミックス)","山田胡瓜","2023年3月4日","READ"
"AIの遺電子　7 (少年チャンピオン・コミックス)","山田胡瓜","2023年3月4日","READ"
"AIの遺電子　3 (少年チャンピオン・コミックス)","山田胡瓜","2023年3月4日","READ"
"AIの遺電子　2 (少年チャンピオン・コミックス)","山田胡瓜","2023年3月4日","READ"
"AIの遺電子　5 (少年チャンピオン・コミックス)","山田胡瓜","2023年3月4日","READ"
"AIの遺電子　1 (少年チャンピオン・コミックス)","山田胡瓜","2023年3月4日","READ"
"AIの遺電子　4 (少年チャンピオン・コミックス)","山田胡瓜","2023年3月4日","READ"
"これからはじめるFigma Web・UIデザイン入門","阿部 文人, 今 聖菜, 田口 冬菜, 中川 小雪","2023年3月4日","UNKNOWN"
"超ディープな数学の教科書　学校では教えてくれない","難波 博之","2023年3月3日","UNKNOWN"
"数学ガールの秘密ノート／行列が描くもの","結城 浩","2023年3月3日","UNKNOWN"
"数学ガールの秘密ノート／やさしい統計","結城 浩","2023年3月3日","UNKNOWN"
"数学ガールの秘密ノート／丸い三角関数","結城 浩","2023年3月3日","UNKNOWN"
"再実装Flutter　UIフレームワークをゼロから自作する (技術の泉シリーズ（NextPublishing）)","速川 湧気","2023年3月3日","UNKNOWN"
"呪術廻戦 22 (ジャンプコミックスDIGITAL)","芥見下々","2023年3月3日","UNKNOWN"
"自転車屋さんの高橋くん 【電子限定特典付】 (6) (トーチコミックス)","松虫あられ","2023年2月24日","UNKNOWN"
"来世ではちゃんとします 10 (ヤングジャンプコミックスDIGITAL)","いつまちゃん","2023年2月17日","UNKNOWN"
"BLUE GIANT EXPLORER（８） (ビッグコミックス)","石塚真一","2023年2月11日","READ"
"ちょうぜつソフトウェア設計入門――PHPで理解するオブジェクト指向の活用","田中 ひさてる","2023年2月7日","UNKNOWN"
"ドメイン駆動設計入門 ボトムアップでわかる！ドメイン駆動設計の基本","成瀬 允宣","2023年1月26日","UNKNOWN"
"プログラミングコンテスト攻略のためのアルゴリズムとデータ構造","渡部 有隆","2023年1月26日","UNKNOWN"
"プログラミングコンテストチャレンジブック [第2版]　～問題解決のアルゴリズム活用力とコーディングテクニックを鍛える～","秋葉 拓哉, 岩田 陽一, 北川 宜稔","2023年1月26日","UNKNOWN"
"望郷太郎（８） (モーニングコミックス)","山田芳裕","2023年1月23日","UNKNOWN"
"AWSで実現するモダンアプリケーション入門 〜サーバーレス、コンテナ、マイクロサービスで何ができるのか","落水 恭介, 吉田 慶章","2023年1月21日","READ"
"Python実践機械学習システム100本ノック","下山輝昌, 三木孝行, 伊藤淳二","2023年1月21日","UNKNOWN"
"Software Design (ソフトウェアデザイン) 2023年2月号 [雑誌]","Software Design 編集部","2023年1月19日","UNKNOWN"
"ミステリと言う勿れ（１２） (フラワーコミックスα)","田村由美","2023年1月13日","READ"
"継続的デリバリーのソフトウェア工学　もっと早く、もっと良いソフトウェアを作るための秘訣","David Farley","2023年1月9日","UNKNOWN"
"キュレーターの殺人 ワシントン・ポー (ハヤカワ・ミステリ文庫)","Ｍ Ｗ クレイヴン","2023年1月6日","UNKNOWN"
"SOFT SKILLS ソフトウェア開発者の人生マニュアル 第2版","ジョン・ソンメズ","2023年1月5日","UNKNOWN"
"チェンソーマン 13 (ジャンプコミックスDIGITAL)","藤本タツキ","2023年1月4日","READ"
"マッキンゼー　勝ち続ける組織の10の法則 (日本経済新聞出版)","スコット・ケラー, メアリー・ミーニー","2023年1月3日","UNKNOWN"
"自分を変える方法――いやでも体が動いてしまうとてつもなく強力な行動科学","ケイティ・ミルクマン","2023年1月2日","UNKNOWN"
"AWSの基本・仕組み・重要用語が全部わかる教科書 (見るだけ図解)","川畑 光平, 菊地 貴彰, 真中 俊輝","2023年1月1日","UNKNOWN"
"「技術書」の読書術 達人が教える選び方・読み方・情報発信&共有のコツとテクニック","IPUSIRON, 増井 敏克","2023年1月1日","UNKNOWN"
"スタンドUPスタート 9 (ヤングジャンプコミックスDIGITAL)","福田秀, 上野豪","2022年12月25日","UNKNOWN"
"WEB+DB PRESS Vol.132","WEB+DB PRESS編集部","2022年12月25日","UNKNOWN"
"チームトポロジー　価値あるソフトウェアをすばやく届ける適応型組織設計","マシュー・スケルトン, マニュエル・パイス","2022年12月24日","UNKNOWN"
"はじめての設計をやり抜くための本 第2版 概念モデリングからアプリケーション、データベース、アーキテクチャ設計、アジャイル開発まで","吉原 庄三郎","2022年12月24日","UNKNOWN"
"Java言語で学ぶデザインパターン入門第3版","結城 浩","2022年12月24日","UNKNOWN"
"呪術廻戦 21 (ジャンプコミックスDIGITAL)","芥見下々","2022年12月2日","UNKNOWN"
"解像度を上げる――曖昧な思考を明晰にする「深さ・広さ・構造・時間」の４視点と行動法","馬田隆明","2022年11月29日","UNKNOWN"
"ＹＯＵＲ　ＴＩＭＥ　ユア・タイム　４０６３の科学データで導き出した、あなたの人生を変える最後の時間術","鈴木祐","2022年11月25日","UNKNOWN"
"ブルーピリオド（１３） (アフタヌーンコミックス)","山口つばさ","2022年11月22日","READ"
"時間最短化、成果最大化の法則――１日１話インストールする＂できる人＂の思考アルゴリズム","木下 勝寿","2022年11月20日","UNKNOWN"
"わが人生。名優マイケル・ケインによる最上の人生指南書 (集英社学芸単行本)","マイケル・ケイン","2022年11月13日","UNKNOWN"
"変な絵","雨穴","2022年11月11日","READ"
"転生したらスライムだった件 14 (GCノベルズ)","伏瀬, みっつばー","2022年11月9日","READ"
"ローカル女子の遠吠え【電子限定版】　９巻 (まんがタイムコミックス)","瀬戸口みづき","2022年11月7日","READ"
"転生したらスライムだった件 13 (GCノベルズ)","伏瀬","2022年11月4日","READ"
"一生頭がよくなり続ける すごい脳の使い方","加藤 俊徳","2022年11月1日","UNKNOWN"
"トリリオンゲーム（５） (ビッグコミックス)","池上遼一","2022年10月28日","UNKNOWN"
"BLUE GIANT EXPLORER（７） (ビッグコミックス)","石塚真一","2022年10月28日","READ"
"ドラえもんの小学校の勉強おもしろ攻略　はじめての将棋","如月たくや","2022年10月9日","READ"
"チェンソーマン 12 (ジャンプコミックスDIGITAL)","藤本タツキ","2022年10月4日","READ"
"Web制作者のためのSassの教科書 改訂2版 Webデザインの現場で必須のCSSプリプロセッサ Web制作者のための教科書シリーズ","平澤 隆, 森田 壮","2022年10月2日","UNKNOWN"
"Pythonハッカーガイドブック (Compass Booksシリーズ)","Julien Danjou","2022年9月23日","UNKNOWN"
"Clean Coder　プロフェッショナルプログラマへの道 (アスキードワンゴ)","Ｒｏｂｅｒｔ Ｃ．Ｍａｒｔｉｎ, 角 征典","2022年9月19日","UNKNOWN"
"Clean Code　アジャイルソフトウェア達人の技 (アスキードワンゴ)","Ｒｏｂｅｒｔ Ｃ．Ｍａｒｔｉｎ, 花井 志生","2022年9月19日","UNKNOWN"
"夫婦がベストパートナーに変わる７７の魔法","岡野 あつこ","2022年9月16日","UNKNOWN"
"スタンドUPスタート 8 (ヤングジャンプコミックスDIGITAL)","福田秀, 上野豪","2022年9月16日","READ"
"睡眠こそ最強の解決策である","マシュー・ウォーカー","2022年9月15日","READ"
"できるポケット Web制作必携 HTML&CSS全事典 改訂3版 できるポケットシリーズ","加藤善規, できるシリーズ編集部","2022年9月10日","UNKNOWN"
"数字であそぼ。（８） (フラワーコミックスα)","絹田村子","2022年9月10日","UNKNOWN"
"ワールドトリガー 25 (ジャンプコミックスDIGITAL)","葦原大介","2022年9月2日","READ"
"Docker実践ガイド 第2版 impress top gearシリーズ","古賀 政純","2022年8月30日","UNKNOWN"
"Docker/Kubernetes開発・運用のためのセキュリティ実践ガイド (Compass Booksシリーズ)","須田 瑛大, 五十嵐 綾, 宇佐美 友也","2022年8月30日","UNKNOWN"
"アルゴリズム的思考力が身につく！ プログラミングコンテストAtCoder入門","大槻 兼資","2022年8月30日","UNKNOWN"
"数学ゴールデン 4 (ヤングアニマルコミックス)","藏丸竜彦","2022年8月29日","READ"
"分析者のためのデータ解釈学入門　データの本質をとらえる技術","江崎貴裕","2022年8月11日","UNKNOWN"
"呪術廻戦 20 (ジャンプコミックスDIGITAL)","芥見下々","2022年8月4日","UNKNOWN"
"AWSコンテナ設計・構築［本格］入門","新井 雅也, 馬勝 淳史","2022年8月3日","UNKNOWN"
"禁断の中国史","百田尚樹","2022年7月29日","UNKNOWN"
"手を動かして考えればよくわかる 高効率言語 Rust 書きかた・作りかた","クジラ飛行机","2022年7月29日","UNKNOWN"
"TypeScriptとReact/Next.jsでつくる実践Webアプリケーション開発","手島 拓也, 吉田 健人, 高林 佳稀","2022年7月28日","UNKNOWN"
"ソフトウェアシステムアーキテクチャ構築の原理 第2版","ニック・ロザンスキ, オウェン・ウッズ","2022年7月23日","UNKNOWN"
"新しいシェルプログラミングの教科書","三宅 英明","2022年7月23日","UNKNOWN"
"望郷太郎（７） (モーニングコミックス)","山田芳裕","2022年7月22日","UNKNOWN"
"北島式筋トレ塾　最短・最速で究極の身体をつくる (講談社の実用ＢＯＯＫ)","北島達也","2022年7月21日","UNKNOWN"
"来世ではちゃんとします 9 (ヤングジャンプコミックスDIGITAL)","いつまちゃん","2022年7月19日","UNKNOWN"
"テクノロジーが予測する未来　web3、メタバース、NFTで世界はこうなる (SB新書)","伊藤 穰一","2022年7月14日","UNKNOWN"
"22世紀の民主主義　選挙はアルゴリズムになり、政治家はネコになる (SB新書)","成田 悠輔","2022年7月14日","UNKNOWN"
"ちはやふる（４９） (BE・LOVEコミックス)","末次由紀","2022年7月13日","UNKNOWN"
"失敗しないデザイン","平本 久美子","2022年7月9日","READ"
"ホワイトハッカー入門","阿部 ひろき","2022年7月9日","UNKNOWN"
"デザイナーじゃないのに！","平本久美子, よしだゆうこ","2022年7月6日","UNKNOWN"
"トリリオンゲーム（４） (ビッグコミックス)","池上遼一","2022年7月4日","READ"
"図解入門TCP/IP　仕組み・動作が見てわかる","みやた ひろし","2022年7月1日","UNKNOWN"
"BLUE GIANT EXPLORER（６） (ビッグコミックス)","石塚真一","2022年6月30日","READ"
"夏への扉〔新版〕 (ハヤカワ文庫SF)","ロバート Ａ ハインライン","2022年6月25日","UNKNOWN"
"三体Ⅲ　死神永生　下","劉 慈欣","2022年6月25日","UNKNOWN"
"三体Ⅲ　死神永生　上","劉 慈欣","2022年6月25日","UNKNOWN"
"スタンドUPスタート 7 (ヤングジャンプコミックスDIGITAL)","福田秀, 上野豪","2022年6月17日","READ"
"Figma for UIデザイン アプリ開発のためのデザイン、プロトタイプ、ハンドオフ","沢田 俊介","2022年6月11日","UNKNOWN"
"対人関係療法で改善する 夫婦・パートナー関係","水島広子","2022年6月10日","UNKNOWN"
"要点整理から攻略する『AWS認定 高度なネットワーキング-専門知識』 (Compass Booksシリーズ)","NRIネットコム株式会社, 佐々木 拓郎, 小西 秀和, 安藤 裕紀, 木美 雄太, 早川 愛, 宮川 亮, 矢野 純平","2022年6月10日","UNKNOWN"
"ミステリと言う勿れ（１１） (フラワーコミックスα)","田村由美","2022年6月10日","READ"
"絶対にミスをしない人の脳の習慣","樺沢 紫苑","2022年6月4日","READ"
"望郷太郎（６） (モーニングコミックス)","山田芳裕","2022年5月30日","READ"
"Web世代が知らないエンタープライズシステム設計","IT勉強宴会","2022年5月28日","UNKNOWN"
"自転車屋さんの高橋くん 【電子限定特典付】 (5) (トーチコミックス)","松虫あられ","2022年5月27日","READ"
"「半導体」のキホン　人類の情報力を拡張する「半導体」のすべて (イチバンやさしい理工系)","菊地 正典","2022年5月24日","UNKNOWN"
"ブルーピリオド（１２） (アフタヌーンコミックス)","山口つばさ","2022年5月23日","READ"
"プロカウンセラーの共感の技術","杉原 保史","2022年5月22日","UNKNOWN"
"［新訳］留魂録 吉田松陰の「死生観」","PHP研究所","2022年5月12日","UNKNOWN"
"小隊 (文春文庫)","砂川 文次","2022年5月10日","UNKNOWN"
"Pythonトリック","Dan Bader","2022年5月7日","UNKNOWN"
"プロフェッショナルPython ソフトウェアデザインの原則と実践 impress top gearシリーズ","Dane Hillard, 武舎 広幸","2022年5月7日","UNKNOWN"
"大人の道徳―西洋近代思想を問い直す","古川 雄嗣","2022年5月7日","UNKNOWN"
"6ミニッツダイアリー　人生を変えるノート術","ドミニク・シュペンスト","2022年5月3日","UNKNOWN"
"良いコード／悪いコードで学ぶ設計入門―保守しやすい　成長し続けるコードの書き方","仙塲 大也","2022年5月3日","UNKNOWN"
"やめたいのにやめられない悪い習慣をやめる技術","小早川明子","2022年5月2日","UNKNOWN"
"東大ケーススタディ研究会　伝説の「論理思考」講座―ケース問題で「広い視野」「深い思考」をいっきに鍛える","白木 湊, 東大ケーススタディ研究会","2022年4月29日","UNKNOWN"
"マンガでわかるJavaScriptのPromise マンガでわかるプログラミング","柳井 政和","2022年4月26日","UNKNOWN"
"呪術廻戦 19 (ジャンプコミックスDIGITAL)","芥見下々","2022年4月4日","UNKNOWN"
"Ｌｖ１魔王とワンルーム勇者　６巻 (ＦＵＺコミックス)","ｔｏｕｆｕ","2022年4月1日","UNKNOWN"
"データ分析に必須の知識・考え方　統計学入門　仮説検定から統計モデリングまで重要トピックを完全網羅","阿部真人","2022年3月25日","UNKNOWN"
"来世ではちゃんとします 8 (ヤングジャンプコミックスDIGITAL)","いつまちゃん","2022年3月24日","READ"
"きれいなPythonプログラミング: クリーンなコードを書くための最適な方法 Compass Booksシリーズ","Al Sweigart","2022年3月24日","UNKNOWN"
"一級建築士矩子の設計思考 1","鬼ノ仁","2022年3月24日","READ"
"Pythonデータ分析／機械学習のための基本コーディング！ pandasライブラリ活用入門 impress top gearシリーズ","Daniel Y. Chen, 吉川 邦夫, 福島 真太朗","2022年3月22日","UNKNOWN"
"［第3版］Python機械学習プログラミング 達人データサイエンティストによる理論と実践 impress top gearシリーズ","Sebastian Raschka, Vahid Mirjalili, 株式会社クイープ, 福島 真太朗","2022年3月22日","UNKNOWN"
"スタンドUPスタート 6 (ヤングジャンプコミックスDIGITAL)","福田秀, 上野豪","2022年3月18日","READ"
"自分で始めた人たち～社会を変える新しい民主主義","宇野重規","2022年3月8日","UNKNOWN"
"ワールドトリガー オフィシャルデータブック BORDER BRIEFING FILE (ジャンプコミックスDIGITAL)","葦原大介","2022年3月6日","UNKNOWN"
"サクッとわかる ビジネス教養 　地政学","新星出版社","2022年3月6日","UNKNOWN"
"Python 実践 データ加工／可視化 100本ノック","下山輝昌, 伊藤淳二, 露木宏志","2022年3月6日","UNKNOWN"
"Python 実践AIモデル構築 100本ノック","下山輝昌, 中村智, 高木洋介","2022年3月6日","UNKNOWN"
"デジタルマネー戦争 Forest2545新書","房広治, 徳岡晃一郎","2022年3月6日","UNKNOWN"
"増補　頭脳勝負　──将棋の世界 (ちくま文庫)","渡辺明","2022年3月6日","UNKNOWN"
"BLUE GIANT EXPLORER（５） (ビッグコミックス)","石塚真一","2022年2月28日","READ"
"システム設計の謎を解く 改訂版　強いSEになるための機能設計と入出力設計の極意","高安 厚思","2022年2月23日","UNKNOWN"
"紛争でしたら八田まで（３） (モーニングコミックス)","田素弘","2022年2月23日","READ"
"Software Design (ソフトウェアデザイン) 2022年03月号 [雑誌]","Software Design 編集部","2022年2月23日","UNKNOWN"
"脳と人工知能をつないだら、人間の能力はどこまで拡張できるのか　脳ＡＩ融合の最前線","紺野大地, 池谷裕二","2022年2月23日","UNKNOWN"
"はじめてのUXリサーチ ユーザーとともに価値あるサービスを作り続けるために","松薗 美帆, 草野 孔希","2022年2月22日","UNKNOWN"
"Software Design (ソフトウェアデザイン) 2022年02月号 [雑誌]","Software Design 編集部","2022年2月19日","UNKNOWN"
"スノウ・クラッシュ〔新版〕　上 (ハヤカワ文庫SF)","ニール スティーヴンスン","2022年2月19日","UNKNOWN"
"ビヨンド ソフトウェア アーキテクチャ Object Oriented Selection Classics","ルーク・ホフマン","2022年2月19日","UNKNOWN"
"シェルプログラミング実用テクニック","上田隆一","2022年2月17日","UNKNOWN"
"これからはじめるVue.js実践入門","山田 祥寛","2022年2月16日","UNKNOWN"
"ちはやふる（４８） (BE・LOVEコミックス)","末次由紀","2022年2月10日","UNKNOWN"
"Kubernetes CI/CDパイプラインの実装 impress top gearシリーズ","北山 晋吾","2022年2月3日","READ"
"実践Django Pythonによる本格Webアプリケーション開発","芝田 将","2022年2月1日","UNKNOWN"
"1日1問、半年以内に習得　シェル・ワンライナー160本ノック Software Design plus","上田 隆一, 山田 泰宏, 田代 勝也, 中村 壮一, 今泉 光之, 上杉 尚史","2022年1月20日","UNKNOWN"
"会って、話すこと。――自分のことはしゃべらない。相手のことも聞き出さない。人生が変わるシンプルな会話術","田中 泰延","2022年1月14日","UNKNOWN"
"数字であそぼ。（７） (フラワーコミックスα)","絹田村子","2022年1月14日","READ"
"トリリオンゲーム（３） (ビッグコミックス)","池上遼一","2022年1月11日","UNKNOWN"
"ジェイソン流お金の増やし方","厚切りジェイソン","2022年1月3日","UNKNOWN"
"最高の結果を出すＫＰＩマネジメント","中尾隆一郎","2022年1月2日","UNKNOWN"
"最高の成果を生み出す　ビジネススキル・プリンシプル","中尾隆一郎","2022年1月2日","UNKNOWN"
"一番伝わる説明の順番","田中耕比古","2022年1月2日","UNKNOWN"
"インプット・アウトプットが10倍になる読書の方程式","羽田康祐k_bird","2022年1月2日","UNKNOWN"
"デザインの基本ノート　仕事で使えるセンスと技術が一冊で身につく本","尾沢 早飛","2022年1月2日","UNKNOWN"
"Amazon Mechanism （アマゾン・メカニズム） ― イノベーション量産の方程式","谷 敏行","2022年1月1日","UNKNOWN"
"SmartHRが実例で解説！業務アプリケーションにおけるデザインアプローチの心得（CreatorZine Digital First）","株式会社SmartHRプロダクトデザイングループ","2021年12月30日","UNKNOWN"
"現場で役立つシステム設計の原則 〜変更を楽で安全にするオブジェクト指向の実践技法","増田 亨","2021年12月26日","UNKNOWN"
"呪術廻戦 18 (ジャンプコミックスDIGITAL)","芥見下々","2021年12月25日","READ"
"はじめて学ぶソフトウェアのテスト技法","リー コープランド","2021年12月24日","UNKNOWN"
"モダンタイムス　上下合本版 (講談社文庫)","伊坂幸太郎","2021年12月23日","UNKNOWN"
"琥珀の夢で酔いましょう 3巻 (マッグガーデンコミックスＥＤＥＮシリーズ)","村野真朱, 依田温","2021年12月16日","READ"
"ＮＦＴの教科書　ビジネス・ブロックチェーン・法律・会計まで　デジタルデータが資産になる未来","天羽健介, 増田雅史","2021年12月14日","UNKNOWN"
"実践Rustプログラミング入門","初田直也, 山口聖弘, 吉川哲史, 豊田優貴, 松本健太郎, 原将己, 中村謙弘, フォルシア株式会社","2021年12月10日","UNKNOWN"
"プリンシプル オブ プログラミング 3年目までに身につけたい 一生役立つ101の原理原則","上田勲","2021年12月10日","UNKNOWN"
"ミステリと言う勿れ（１０） (フラワーコミックスα)","田村由美","2021年12月10日","READ"
"ローカル女子の遠吠え【電子限定版】　８巻 (まんがタイムコミックス)","瀬戸口みづき","2021年12月7日","READ"
"戦略質問―短時間だからこそ優れた打ち手がひらめく","金巻 龍一","2021年12月6日","UNKNOWN"
"失敗の科学","マシュー・サイド","2021年12月6日","UNKNOWN"
"インベスターZ(21)","三田紀房","2021年12月5日","UNKNOWN"
"ワールドトリガー 24 (ジャンプコミックスDIGITAL)","葦原大介","2021年12月3日","READ"
"インベスターZ(11)","三田紀房","2021年11月29日","READ"
"インベスターZ(19)","三田紀房","2021年11月29日","READ"
"インベスターZ(15)","三田紀房","2021年11月29日","READ"
"インベスターZ(14)","三田紀房","2021年11月29日","READ"
"インベスターZ(16)","三田紀房","2021年11月29日","READ"
"インベスターZ(17)","三田紀房","2021年11月29日","READ"
"インベスターZ(18)","三田紀房","2021年11月29日","READ"
"インベスターZ(13)","三田紀房","2021年11月29日","UNKNOWN"
"インベスターZ(20)","三田紀房","2021年11月29日","READ"
"インベスターZ(12)","三田紀房","2021年11月29日","READ"
"しくみがわかるKubernetes Azureで動かしながら学ぶコンセプトと実践知識","阿佐 志保, 真壁 徹","2021年11月27日","UNKNOWN"
"Every Layout","ヘイドン・ピカリング, アンディ・ベル","2021年11月23日","UNKNOWN"
"MySQL徹底入門 第4版 MySQL 8.0対応","yoku0825, 坂井 恵, 鶴長 鎮一, とみた まさひろ, 深町 日出海, 福山 裕大, 班石 悦夫, 山﨑 由章","2021年11月22日","UNKNOWN"
"PLG プロダクト・レッド・グロース「セールスがプロダクトを売る時代」から「プロダクトでプロダクトを売る時代」へ","ウェス・ブッシュ, UB Ventures","2021年11月22日","UNKNOWN"
"ソフトウェア品質を高める開発者テスト アジャイル時代の実践的・効率的なテストのやり方","高橋 寿一","2021年11月20日","UNKNOWN"
"AIエンジニアのための機械学習システムデザインパターン","澁井雄介","2021年11月20日","UNKNOWN"
"インベスターZ(10)","三田紀房","2021年11月20日","READ"
"インベスターZ(9)","三田紀房","2021年11月20日","READ"
"インベスターZ(8)","三田紀房","2021年11月20日","READ"
"インベスターZ(7)","三田紀房","2021年11月20日","READ"
"インベスターZ(6)","三田紀房","2021年11月20日","READ"
"インベスターZ(5)","三田紀房","2021年11月20日","READ"
"インベスターZ(4)","三田紀房","2021年11月20日","READ"
"ドラゴン桜2(17) (コルク)","三田紀房","2021年11月20日","READ"
"ドラゴン桜2(16) (コルク)","三田紀房","2021年11月20日","READ"
"ドラゴン桜2(15) (コルク)","三田紀房","2021年11月20日","READ"
"プロダクトマネジメントのすべて 事業戦略・IT開発・UXデザイン・マーケティングからチーム・組織運営まで","及川 卓也, 小城 久美子, 曽根原 春樹","2021年11月19日","UNKNOWN"
"スタンドUPスタート 5 (ヤングジャンプコミックスDIGITAL)","福田秀, 上野豪","2021年11月19日","READ"
"だまし絵を描かないための－－要件定義のセオリー","赤俊哉","2021年11月12日","UNKNOWN"
"BLUE GIANT EXPLORER（４） (ビッグコミックス)","石塚真一","2021年10月29日","READ"
"やってはいけないデザイン","平本 久美子","2021年10月28日","UNKNOWN"
"アーモンド","ソン・ウォンピョン","2021年10月28日","UNKNOWN"
"脳を鍛えるには運動しかない！最新科学でわかった脳細胞の増やし方","ジョンＪ．レイティ, エリック・ヘイガーマン","2021年10月28日","UNKNOWN"
"人類がもっと遠い宇宙へ行くためのロケット入門","小泉宏之","2021年10月25日","UNKNOWN"
"大人でも答えられない！　宇宙のしつもん","荒舩良孝","2021年10月25日","UNKNOWN"
"数学ガールの秘密ノート／確率の冒険","結城 浩","2021年10月25日","UNKNOWN"
"現場で使える Django の教科書《基礎編》［4.2 LTS 対応版］","横瀬 明仁","2021年10月19日","UNKNOWN"
"本当に君は総理大臣になれないのか (講談社現代新書)","小川淳也, 中原一歩","2021年10月15日","UNKNOWN"
"システムはなぜダウンするのか","大和田 尚孝","2021年10月13日","UNKNOWN"
"突き抜けるまで問い続けろ――巨大スタートアップ「ビジョナル」挫折と奮闘、成長の軌跡","蛯谷 敏","2021年10月4日","UNKNOWN"
"呪術廻戦 17 (ジャンプコミックスDIGITAL)","芥見下々","2021年10月4日","READ"
"ネット興亡記 敗れざる者たち (日本経済新聞出版)","杉本貴司","2021年10月1日","UNKNOWN"
"DNSがよくわかる教科書","株式会社日本レジストリサービス（JPRS）, 渡邉 結衣, 佐藤 新太, 藤原 和典","2021年10月1日","UNKNOWN"
"数学ゴールデン 3 (ヤングアニマルコミックス)","藏丸竜彦","2021年9月29日","READ"
"時給はいつも最低賃金、これって私のせいですか？ 国会議員に聞いてみた。","和田靜香, 小川淳也","2021年9月28日","UNKNOWN"
"敏感すぎるあなたへ　緊張、不安、パニックは自分で断ち切れる","クラウス・ベルンハルト","2021年9月24日","UNKNOWN"
"自転車屋さんの高橋くん 【電子限定特典付】 (4) (トーチコミックス)","松虫あられ","2021年9月23日","READ"
"自転車屋さんの高橋くん (3) (トーチコミックス)","松虫あられ","2021年9月23日","READ"
"自転車屋さんの高橋くん (2) (トーチコミックス)","松虫あられ","2021年9月23日","READ"
"ブルーピリオド（１１） (アフタヌーンコミックス)","山口つばさ","2021年9月22日","READ"
"Software Design (ソフトウェアデザイン) 2021年8月号 [雑誌]","Software Design 編集部","2021年9月11日","UNKNOWN"
"地球の未来のため僕が決断したこと　気候大災害は防げる","ビル ゲイツ","2021年9月8日","UNKNOWN"
"情報を正しく選択するための認知バイアス事典","情報文化研究所","2021年9月4日","UNKNOWN"
"Webデザイン・スタンダード　伝わるビジュアルづくりとクリエイティブの最新技法","境 祐司, 小浜 愛香, 森本 友理, 野田 一輝, 北村 篤志, 有吉 学","2021年8月31日","UNKNOWN"
"イラストでわかるDockerとKubernetes Software Design plus","徳永 航平","2021年8月28日","UNKNOWN"
"スタンドUPスタート 4 (ヤングジャンプコミックスDIGITAL)","福田秀, 上野豪","2021年8月26日","READ"
"来世ではちゃんとします 7 (ヤングジャンプコミックスDIGITAL)","いつまちゃん","2021年8月26日","UNKNOWN"
"来世ではちゃんとします 6 (ヤングジャンプコミックスDIGITAL)","いつまちゃん","2021年8月25日","UNKNOWN"
"Ｌｖ１魔王とワンルーム勇者　５巻 (ＦＵＺコミックス)","ｔｏｕｆｕ","2021年8月24日","READ"
"転生したらスライムだった件（１８） (シリウスコミックス)","川上泰樹, 伏瀬","2021年8月22日","READ"
"トリリオンゲーム（２） (ビッグコミックス)","池上遼一","2021年8月19日","READ"
"多様性の科学","マシュー・サイド","2021年8月16日","UNKNOWN"
"マンガでわかる！Auth0誕生の秘密とは","Auth0","2021年8月11日","UNKNOWN"
"１日外出録ハンチョウ（５） (ヤングマガジンコミックス)","上原求, 新井和也, 萩原天晴, 福本伸行","2021年8月3日","READ"
"１日外出録ハンチョウ（４） (ヤングマガジンコミックス)","上原求, 新井和也, 萩原天晴, 福本伸行","2021年7月31日","READ"
"１日外出録ハンチョウ（３） (ヤングマガジンコミックス)","萩原天晴, 上原求, 新井和也, 福本伸行","2021年7月29日","READ"
"絵で見てわかるシステムパフォーマンスの仕組み","小田 圭二, 榑松 谷仁, 平山 毅, 岡田 憲昌","2021年7月26日","UNKNOWN"
"「シェル芸」に効く！AWK処方箋","斉藤博文","2021年7月26日","UNKNOWN"
"琥珀の夢で酔いましょう 2巻 (マッグガーデンコミックスＥＤＥＮシリーズ)","村野真朱, 依田温","2021年7月21日","READ"
"現代語訳 論語と算盤 (ちくま新書)","渋沢栄一","2021年7月10日","UNKNOWN"
"ミステリと言う勿れ（９） (フラワーコミックスα)","田村由美","2021年7月9日","READ"
"スタンドUPスタート 3 (ヤングジャンプコミックスDIGITAL)","福田秀, 上野豪","2021年7月9日","READ"
"スタンドUPスタート 1 (ヤングジャンプコミックスDIGITAL)","福田秀, 上野豪","2021年7月9日","READ"
"スタンドUPスタート 2 (ヤングジャンプコミックスDIGITAL)","福田秀, 上野豪","2021年7月9日","UNKNOWN"
"数字であそぼ。（６） (フラワーコミックスα)","絹田村子","2021年7月9日","READ"
"トリリオンゲーム（１） (ビッグコミックス)","池上遼一","2021年7月7日","READ"
"24時間すべてを自分のために使うタイムマネジメント大全","池田貴将","2021年7月6日","READ"
"現場で使える Django REST Framework の教科書［3.2 LTS 対応版］ （Django の教科書シリーズ）","横瀬 明仁","2021年7月2日","READ"
"達人プログラマー ―熟達に向けたあなたの旅― 第2版","David Thomas, Andrew Hunt","2021年7月2日","UNKNOWN"
"BLUE GIANT EXPLORER（３） (ビッグコミックス)","石塚真一","2021年6月30日","READ"
"ＮＥＯ　ＨＵＭＡＮ　ネオ・ヒューマン―究極の自由を得る未来","ピーター・スコット・モーガン","2021年6月25日","UNKNOWN"
"Illustrator ＆ Photoshopデザインの作り方 アイデア図鑑","上司ニシグチ, 長井 康行, 楠田 諭史, 森 一機","2021年6月22日","UNKNOWN"
"Ｌｖ１魔王とワンルーム勇者　４巻 (ＦＵＺコミックス)","ｔｏｕｆｕ","2021年6月11日","READ"
"Ｌｖ１魔王とワンルーム勇者　３巻 (ＦＵＺコミックス)","ｔｏｕｆｕ","2021年6月11日","READ"
"オービタル・クラウド 下 (ハヤカワ文庫JA)","藤井 太洋","2021年6月10日","UNKNOWN"
"進撃の巨人（３４） (週刊少年マガジンコミックス)","諫山創","2021年6月9日","READ"
"大家さんと僕　これから","矢部太郎","2021年6月6日","READ"
"呪術廻戦 16 (ジャンプコミックスDIGITAL)","芥見下々","2021年6月4日","READ"
"楽園とは探偵の不在なり","斜線堂 有紀","2021年6月3日","UNKNOWN"
"息吹","テッド チャン","2021年6月3日","UNKNOWN"
"流れよわが涙、と孔明は言った (ハヤカワ文庫JA)","三方 行成","2021年6月3日","UNKNOWN"
"ブルーピリオド（１０） (アフタヌーンコミックス)","山口つばさ","2021年5月21日","READ"
"１日外出録ハンチョウ（２） (ヤングマガジンコミックス)","福本伸行, 萩原天晴, 上原求, 新井和也","2021年5月15日","READ"
"ドラゴン桜　超合本版（１） (モーニングコミックス)","三田紀房","2021年5月8日","READ"
"THE MODEL（MarkeZine BOOKS） マーケティング・インサイドセールス・営業・カスタマーサクセスの共業プロセス","福田 康隆","2021年4月29日","UNKNOWN"
"ドラゴン桜2(14) (コルク)","三田紀房","2021年4月28日","READ"
"ドラゴン桜2(13) (コルク)","三田紀房","2021年4月28日","READ"
"ドラゴン桜2(12) (コルク)","三田紀房","2021年4月28日","READ"
"ドラゴン桜2(11) (コルク)","三田紀房","2021年4月28日","READ"
"ドラゴン桜2(10) (コルク)","三田紀房","2021年4月28日","READ"
"ドラゴン桜2(9) (コルク)","三田紀房","2021年4月28日","READ"
"ドラゴン桜2(8) (コルク)","三田紀房","2021年4月28日","READ"
"ドラゴン桜2(7) (コルク)","三田紀房","2021年4月28日","READ"
"ドラゴン桜2(6) (コルク)","三田紀房","2021年4月28日","UNKNOWN"
"ドラゴン桜2(5) (コルク)","三田紀房","2021年4月28日","READ"
"ドラゴン桜2(4) (コルク)","三田紀房","2021年4月28日","READ"
"Clean Architecture for React 技術の泉シリーズ (技術の泉シリーズ（NextPublishing）)","今森 大地","2021年4月10日","UNKNOWN"
"監督不行届 (FEEL COMICS)","安野モヨコ","2021年4月10日","READ"
"ブレイン メンタル 強化大全","樺沢紫苑","2021年4月9日","UNKNOWN"
"日本一わかりやすい ひとり社長の節税","田淵宏明","2021年4月8日","UNKNOWN"
"豊富な作例で学ぶ　Adobe XD Webデザイン入門 (Compass Booksシリーズ)","池原健治, 井斉花織, 佐々木雄平, 佐藤修, 田中由花, 古堂あゆ美, 緑間なつみ","2021年4月4日","UNKNOWN"
"大前研一 ニューノーマル時代の「構想力」","大前 研一","2021年4月3日","UNKNOWN"
"はじめてのUIデザイン 改訂版","池田 拓司, 宇野 雄, 上ノ郷谷 太一, 坪田 朋, 元山 和之, 吉竹 遼","2021年3月24日","UNKNOWN"
"2030年：すべてが「加速」する世界に備えよ (NewsPicksパブリッシング)","ピーター・ディアマンディス, スティーブン・コトラー","2021年3月22日","UNKNOWN"
"未来を実装する――テクノロジーで社会を変革する４つの原則","馬田隆明","2021年3月22日","UNKNOWN"
"呪術廻戦 逝く夏と還る秋 (ジャンプジェイブックスDIGITAL)","芥見下々, 北國ばらっど","2021年3月22日","READ"
"男は見た目が9割　美容皮膚科医が教える嫌われない男の美容大全","堀江 義明","2021年3月21日","UNKNOWN"
"スタンフォード式生き抜く力","星 友啓","2021年3月21日","UNKNOWN"
"突破するデザイン","ロベルト・ベルガンティ","2021年3月21日","UNKNOWN"
"これならわかる！ 人を動かすデザイン22の法則","ウジ トモコ","2021年3月21日","UNKNOWN"
"大人男子の「超」清潔感ハック","宮永 えいと","2021年3月21日","UNKNOWN"
"呪術廻戦 公式ファンブック (ジャンプコミックスDIGITAL)","芥見下々","2021年3月20日","UNKNOWN"
"ＤＡＹＳ（４２） (週刊少年マガジンコミックス)","安田剛士","2021年3月17日","READ"
"無駄な仕事が全部消える超効率ハック","羽田康祐k_bird","2021年3月13日","UNKNOWN"
"ミステリと言う勿れ（８） (フラワーコミックスα)","田村由美","2021年3月12日","READ"
"インフラ/ネットワークエンジニアのためのネットワーク・デザインパターン　実務で使えるネットワーク構成の最適解２７","みやた ひろし","2021年3月7日","UNKNOWN"
"パケットキャプチャの教科書","みやた ひろし","2021年3月7日","UNKNOWN"
"新しいLinuxの教科書","三宅 英明, 大角 祐介","2021年3月7日","UNKNOWN"
"実践Firestore 技術の泉シリーズ (技術の泉シリーズ（NextPublishing）)","福田 雄貴","2021年3月5日","UNKNOWN"
"チェンソーマン 11 (ジャンプコミックスDIGITAL)","藤本タツキ","2021年3月4日","READ"
"呪術廻戦 15 (ジャンプコミックスDIGITAL)","芥見下々","2021年3月4日","READ"
"BLUE GIANT EXPLORER（２） (ビッグコミックス)","石塚真一","2021年3月1日","READ"
"React環境構築の教科書 技術の泉シリーズ (技術の泉シリーズ（NextPublishing）)","井手 優太","2021年2月26日","UNKNOWN"
"数学ゴールデン 2 (ヤングアニマルコミックス)","藏丸竜彦","2021年2月26日","READ"
"フロントエンド開発入門 プロフェッショナルな開発ツールと設計・実装","安達稜, 武田諭","2021年2月20日","UNKNOWN"
"なんでも図解――絵心ゼロでもできる！　爆速アウトプット術","日高 由美子","2021年2月20日","UNKNOWN"
"数字であそぼ。（５） (フラワーコミックスα)","絹田村子","2021年2月20日","UNKNOWN"
"不老長寿メソッド 死ぬまで若いは武器になる","鈴木祐","2021年2月20日","UNKNOWN"
"炎炎ノ消防隊（２７） (週刊少年マガジンコミックス)","大久保篤","2021年2月17日","UNKNOWN"
"Amazon Web Services コスト最適化入門 (技術の泉シリーズ（NextPublishing）)","大澤 秀一","2021年2月13日","UNKNOWN"
"Game Programming Patterns ソフトウェア開発の問題解決メニュー impress top gearシリーズ","Robert Nystrom, 武舎広幸, 阿部和也, 上西昌弘","2021年2月12日","UNKNOWN"
"数字であそぼ。（４） (フラワーコミックスα)","絹田村子","2021年2月5日","READ"
"ワールドトリガー 23 (ジャンプコミックスDIGITAL)","葦原大介","2021年2月4日","READ"
"呪術廻戦 0 東京都立呪術高等専門学校 (ジャンプコミックスDIGITAL)","芥見下々","2021年2月2日","READ"
"逆ソクラテス (集英社文芸単行本)","伊坂幸太郎","2021年1月30日","UNKNOWN"
"ブルーピリオド（９） (アフタヌーンコミックス)","山口つばさ","2021年1月21日","READ"
"数字であそぼ。（３） (フラワーコミックスα)","絹田村子","2021年1月10日","READ"
"数字であそぼ。（２） (フラワーコミックスα)","絹田村子","2021年1月10日","READ"
"進撃の巨人（３３） (週刊少年マガジンコミックス)","諫山創","2021年1月8日","READ"
"呪術廻戦 14 (ジャンプコミックスDIGITAL)","芥見下々","2021年1月7日","READ"
"進撃の巨人（３１） (週刊少年マガジンコミックス)","諫山創","2021年1月6日","READ"
"チェンソーマン 10 (ジャンプコミックスDIGITAL)","藤本タツキ","2021年1月4日","READ"
"炎炎ノ消防隊（２６） (週刊少年マガジンコミックス)","大久保篤","2020年12月28日","UNKNOWN"
"炎炎ノ消防隊（２５） (週刊少年マガジンコミックス)","大久保篤","2020年12月28日","UNKNOWN"
"kubectl完全逆引きリファレンス 技術の泉シリーズ (技術の泉シリーズ（NextPublishing）)","太田 佳敬","2020年12月20日","UNKNOWN"
"オードリー・タン デジタルとAIの未来を語る","オードリー・タン, プレジデント書籍編集チーム","2020年12月20日","UNKNOWN"
"The DevOps ハンドブック 理論・原則・実践のすべて","ジーン・キム, ジェズ・ハンブル, パトリック・ボア, ジョン・ウィリス","2020年12月20日","UNKNOWN"
"Pythonで学ぶ音源分離 機械学習実践シリーズ","戸上 真人","2020年12月19日","UNKNOWN"
"現場が輝くデジタルトランスフォーメーション――ＲＰＡ×ＡＩで日本を変える","長谷川 康一","2020年12月19日","UNKNOWN"
"ＤＡＹＳ（４１） (週刊少年マガジンコミックス)","安田剛士","2020年12月18日","UNKNOWN"
"The DevOps 勝利をつかめ！　技術的負債を一掃せよ","ジーン・キム","2020年12月7日","UNKNOWN"
"ローカル女子の遠吠え【電子限定版】　７巻 (まんがタイムコミックス)","瀬戸口みづき","2020年12月7日","READ"
"鬼滅の刃 23 (ジャンプコミックスDIGITAL)","吾峠呼世晴","2020年12月4日","READ"
"心理的安全性のつくりかた　「心理的柔軟性」が困難を乗り越えるチームに変える","石井遼介","2020年11月10日","UNKNOWN"
"FIRE 最強の早期リタイア術――最速でお金から自由になれる究極メソッド","クリスティー・シェン, ブライス・リャン","2020年11月8日","UNKNOWN"
"罪の声 (講談社文庫)","塩田武士","2020年11月4日","UNKNOWN"
"チェンソーマン 9 (ジャンプコミックスDIGITAL)","藤本タツキ","2020年11月4日","READ"
"最高の脳で働く方法 Your Brain at Work（ユアブレイン アットワーク）","デイビッド・ロック","2020年10月30日","UNKNOWN"
"BLUE GIANT EXPLORER（１） (ビッグコミックス)","石塚真一","2020年10月30日","READ"
"BLUE GIANT SUPREME（１１） (ビッグコミックススペシャル)","石塚真一","2020年10月30日","READ"
"ＤＡＹＳ（４０） (週刊少年マガジンコミックス)","安田剛士","2020年10月23日","READ"
"独学大全――絶対に「学ぶこと」をあきらめたくない人のための５５の技法","読書猿","2020年10月21日","UNKNOWN"
"鬼滅の刃 22 (ジャンプコミックスDIGITAL)","吾峠呼世晴","2020年10月2日","READ"
"Adobe XDではじめるWebデザイン＆プロトタイピング 一歩先行く現場のスキル","松下 絵梨","2020年9月29日","UNKNOWN"
"CAREER SKILLS　ソフトウェア開発者の完全キャリアガイド","ジョン・ソンメズ","2020年9月29日","UNKNOWN"
"ミライをつくろう！ VRで紡ぐバーチャル創世記","GOROman, 西田 宗千佳","2020年9月29日","UNKNOWN"
"Web APIの設計","Arnaud Lauret","2020年9月26日","UNKNOWN"
"僕はロボットごしの君に恋をする (河出文庫)","山田悠介","2020年9月26日","UNKNOWN"
"ブルーピリオド（８） (アフタヌーンコミックス)","山口つばさ","2020年9月24日","READ"
"1冊ですべて身につくHTML ＆ CSSとWebデザイン入門講座","Mana","2020年9月20日","UNKNOWN"
"半沢直樹　アルルカンと道化師","池井戸潤","2020年9月19日","READ"
"人は悪魔に熱狂する　悪と欲望の行動経済学","松本 健太郎","2020年9月14日","UNKNOWN"
"ミステリと言う勿れ（７） (フラワーコミックスα)","田村由美","2020年9月12日","READ"
"数字であそぼ。（１） (フラワーコミックスα)","絹田村子","2020年9月11日","READ"
"体系的に学ぶ 安全なWebアプリケーションの作り方 第2版［リフロー版］　脆弱性が生まれる原理と対策の実践","徳丸 浩","2020年8月29日","UNKNOWN"
"働く人のための感情資本論――パワハラ・メンタルヘルス・ライフハックの社会学","山田 陽子","2020年8月28日","UNKNOWN"
"良い戦略、悪い戦略 (日本経済新聞出版)","リチャード・Ｐ・ルメルト","2020年8月24日","UNKNOWN"
"三体Ⅱ　黒暗森林（下）","劉 慈欣","2020年8月24日","UNKNOWN"
"数学ゴールデン 1 (ヤングアニマルコミックス)","藏丸竜彦","2020年8月24日","READ"
"ミステリと言う勿れ（６） (フラワーコミックスα)","田村由美","2020年8月24日","READ"
"ＤＡＹＳ（３９） (週刊少年マガジンコミックス)","安田剛士","2020年8月17日","READ"
"15Stepで習得 Dockerから入るKubernetes","高良真穂","2020年8月16日","UNKNOWN"
"天才を殺す凡人 職場の人間関係に悩む、すべての人へ (日本経済新聞出版)","北野唯我","2020年8月11日","UNKNOWN"
"その仕事、全部やめてみよう――１％の本質をつかむ「シンプルな考え方」","小野 和俊","2020年8月5日","UNKNOWN"
"チェンソーマン 8 (ジャンプコミックスDIGITAL)","藤本タツキ","2020年8月4日","READ"
"RANGE（レンジ）　知識の「幅」が最強の武器になる","デイビッド・エプスタイン","2020年8月1日","UNKNOWN"
"ミステリと言う勿れ（５） (フラワーコミックスα)","田村由美","2020年7月31日","READ"
"ミステリと言う勿れ（４） (フラワーコミックスα)","田村由美","2020年7月30日","READ"
"ミステリと言う勿れ（３） (フラワーコミックスα)","田村由美","2020年7月30日","READ"
"ミステリと言う勿れ（２） (フラワーコミックスα)","田村由美","2020年7月30日","READ"
"精神科医が教える ストレスフリー超大全――人生のあらゆる「悩み・不安・疲れ」をなくすためのリスト","樺沢 紫苑","2020年7月24日","UNKNOWN"
"日日是好日―「お茶」が教えてくれた15のしあわせ― （新潮文庫）","森下典子","2020年7月23日","UNKNOWN"
"ＤＡＹＳ（３８） (週刊少年マガジンコミックス)","安田剛士","2020年7月23日","READ"
"いつも「時間がない」あなたに　欠乏の行動経済学 (早川書房)","センディル ムッライナタン, エルダー シャフィール","2020年7月20日","UNKNOWN"
"OAuth徹底入門 セキュアな認可システムを適用するための原則と実践","Justin Riche, Antonio Sanso","2020年7月17日","UNKNOWN"
"ワークマンは 商品を変えずに売り方を変えただけで なぜ2倍売れたのか","酒井大輔","2020年7月12日","UNKNOWN"
"レベルアップNode.js 技術の泉シリーズ (技術の泉シリーズ（NextPublishing）)","佐々木 勝広","2020年7月8日","UNKNOWN"
"迷わない！困らない！レガシーフロントエンド安全改善ガイド 技術の泉シリーズ (技術の泉シリーズ（NextPublishing）)","麦島 一","2020年7月8日","UNKNOWN"
"スターティングgRPC 技術の泉シリーズ (技術の泉シリーズ（NextPublishing）)","武上 将樹","2020年7月5日","UNKNOWN"
"鬼滅の刃 21 (ジャンプコミックスDIGITAL)","吾峠呼世晴","2020年7月3日","READ"
"個人開発をはじめよう！クリエイター25人の実践エピソード (技術の泉シリーズ（NextPublishing）)","ゆずたそ","2020年7月2日","UNKNOWN"
"リモートワークの達人 (ハヤカワ文庫NF)","ジェイソン フリード, デイヴィッド ハイネマイヤー ハンソン","2020年7月2日","UNKNOWN"
"三体Ⅱ　黒暗森林（上）","劉 慈欣","2020年6月20日","UNKNOWN"
"英文法をこわす　感覚による再構築 (ＮＨＫ出版新書)","大西 泰斗","2020年6月17日","UNKNOWN"
"1回で伝わる 短い英語","mami","2020年6月17日","UNKNOWN"
"ディズニーＣＥＯが実践する１０の原則","ロバート アイガー","2020年6月14日","UNKNOWN"
"Who You Are（フーユーアー）君の真の言葉と行動こそが困難を生き抜くチームをつくる","ベン・ホロウィッツ","2020年6月13日","UNKNOWN"
"働き方５．０～これからの世界をつくる仲間たちへ～（小学館新書）","落合陽一","2020年6月9日","UNKNOWN"
"快感回路　なぜ気持ちいいのか　なぜやめられないのか (河出文庫)","デイヴィッド・Ｊ・リンデン","2020年6月8日","UNKNOWN"
"ほしとんで02 (ジーンＬＩＮＥコミックス)","本田","2020年6月4日","UNKNOWN"
"チェンソーマン 7 (ジャンプコミックスDIGITAL)","藤本タツキ","2020年6月4日","READ"
"ワールドトリガー 22 (ジャンプコミックスDIGITAL)","葦原大介","2020年6月4日","READ"
"ローカル女子の遠吠え【電子限定版】　６巻 (まんがタイムコミックス)","瀬戸口みづき","2020年6月4日","READ"
"鬼滅の刃 20 (ジャンプコミックスDIGITAL)","吾峠呼世晴","2020年5月13日","READ"
"人形の国（１） (シリウスコミックス)","弐瓶勉","2020年5月11日","READ"
"大きな嘘の木の下で　～僕がOWNDAYSを経営しながら考えていた10のウソ。～ (NewsPicks Book)","田中修治","2020年5月10日","UNKNOWN"
"実践Node.jsプログラミング Programmer's SELECTION","Mike Cantelon, Marc Harter, T.J. Holowaychuk, Naithan Rajlich","2020年5月10日","UNKNOWN"
"コロナショック・サバイバル　日本経済復興計画 (文春e-book)","冨山 和彦","2020年5月9日","UNKNOWN"
"日本の15歳はなぜ学力が高いのか？　５つの教育大国に学ぶ成功の秘密 (早川書房)","ルーシー クレハン","2020年5月8日","UNKNOWN"
"「続けられる人」だけが人生を変えられる ダメな自分がなりたい自分になる“１分ノート”","大平 信孝","2020年5月5日","UNKNOWN"
"実践版ＧＲＩＴ　やり抜く力を手に入れる","キャロライン・アダムス・ミラー","2020年5月1日","UNKNOWN"
"テスト駆動Python","BrianOkken","2020年5月1日","UNKNOWN"
"達人に学ぶDB設計 徹底指南書","ミック","2020年5月1日","UNKNOWN"
"達人に学ぶSQL徹底指南書 第2版 初級者で終わりたくないあなたへ","ミック","2020年5月1日","UNKNOWN"
"関数型リアクティブプログラミング","株式会社クイープ, AnthonyJones, StephenBlackheath","2020年5月1日","UNKNOWN"
"BLUE GIANT SUPREME（１０） (ビッグコミックススペシャル)","石塚真一","2020年4月27日","READ"
"ニューヨークのアートディレクターがいま、日本のビジネスリーダーに伝えたいこと","小山田育, 渡邊デルーカ瞳","2020年4月25日","UNKNOWN"
"流浪の月","凪良 ゆう","2020年4月20日","UNKNOWN"
"マリアビートル (角川文庫)","伊坂 幸太郎","2020年4月15日","UNKNOWN"
"数学ガールの秘密ノート／学ぶための対話","結城 浩","2020年4月7日","UNKNOWN"
"国家はなぜ衰退するのか　権力・繁栄・貧困の起源（上）","ダロン・アセモグル, ジェイムズ・A・ロビンソン, 鬼澤 忍","2020年4月5日","UNKNOWN"
"国家はなぜ衰退するのか　権力・繁栄・貧困の起源（下）","ダロン・アセモグル, ジェイムズ・A・ロビンソン, 鬼澤 忍","2020年4月5日","UNKNOWN"
"ＡＸ アックス (角川文庫)","伊坂 幸太郎","2020年4月3日","READ"
"Dr.STONE 15 (ジャンプコミックスDIGITAL)","稲垣理一郎, Boichi","2020年4月3日","UNKNOWN"
"面白い生き方をしたかったので仕方なくマンガを1000冊読んで考えた　→そしたら人生観変わった","堀江 貴文","2020年3月28日","UNKNOWN"
"「自分だけの答え」が見つかる 13歳からのアート思考","末永 幸歩","2020年3月28日","UNKNOWN"
"チェンソーマン 6 (ジャンプコミックスDIGITAL)","藤本タツキ","2020年3月28日","READ"
"チェンソーマン 5 (ジャンプコミックスDIGITAL)","藤本タツキ","2020年3月28日","READ"
"チェンソーマン 4 (ジャンプコミックスDIGITAL)","藤本タツキ","2020年3月28日","READ"
"山月記","中島 敦","2020年3月27日","READ"
"CODE: コードから見たコンピュータのからくり","Charles Petzold","2020年3月23日","UNKNOWN"
"文系プログラマーのためのPythonで学び直す高校数学","谷尻かおり（メディックエンジニアリング）","2020年3月23日","UNKNOWN"
"ブルーピリオド（７） (アフタヌーンコミックス)","山口つばさ","2020年3月23日","READ"
"他者と働く──「わかりあえなさ」から始める組織論 (NewsPicksパブリッシング)","宇田川元一","2020年3月21日","UNKNOWN"
"お金のこと何もわからないままフリーランスになっちゃいましたが税金で損しない方法を教えてください！","大河内薫, 若林杏樹","2020年2月27日","READ"
"シン・ニホン AI×データ時代における日本の再生と人材育成 (NewsPicksパブリッシング)","安宅和人","2020年2月21日","UNKNOWN"
"２１　Ｌｅｓｓｏｎｓ　特別試し読み版　２１世紀の人類のための２１の思考","ユヴァル・ノア・ハラリ","2020年2月19日","UNKNOWN"
"鬼滅の刃 19 (ジャンプコミックスDIGITAL)","吾峠呼世晴","2020年2月4日","READ"
"顧客が熱狂するネット靴店　ザッポス伝説","トニー・シェイ","2020年1月5日","UNKNOWN"
"ネクスト・ブロックチェーン 次世代産業創成のエコシステム (日本経済新聞出版)","矢野誠, クリス・ダイ, 増田健一, 岸本吉生","2019年12月29日","UNKNOWN"
"ひとりの妄想で未来は変わる　VISION DRIVEN INNOVATION","佐宗 邦威","2019年12月29日","UNKNOWN"
"人に頼む技術コロンビア大学の嫌な顔されずに人を動かす科学","ハイディ・グラント","2019年12月29日","UNKNOWN"
"アフターデジタル　オフラインのない時代に生き残る","藤井 保文, 尾原 和啓","2019年12月29日","UNKNOWN"
"アリババ　世界最強のスマートビジネス (文春e-book)","ミン・ゾン","2019年12月29日","UNKNOWN"
"TikTok 最強のSNSは中国から生まれる","黄未来","2019年12月29日","UNKNOWN"
"イシューからはじめよ――知的生産の「シンプルな本質」","安宅和人","2019年12月25日","UNKNOWN"
"Python実践データ分析100本ノック","下山輝昌, 松田雄馬, 三木孝行","2019年12月25日","UNKNOWN"
"ブルーピリオド（１） (アフタヌーンコミックス)","山口つばさ","2019年12月20日","READ"
"はじめアルゴリズム（１） (モーニングコミックス)","三原和人","2019年12月20日","UNKNOWN"
"時間革命　１秒もムダに生きるな","堀江　貴文","2019年12月17日","READ"
"ニュータイプの時代","山口 周","2019年12月16日","UNKNOWN"
"マーダーボット・ダイアリー　上 (創元ＳＦ文庫)","マーサ・ウェルズ","2019年12月15日","UNKNOWN"
"ワールドトリガー 21 (ジャンプコミックスDIGITAL)","葦原大介","2019年12月6日","READ"
"鬼滅の刃 18 (ジャンプコミックスDIGITAL)","吾峠呼世晴","2019年12月4日","READ"
"1兆ドルコーチ――シリコンバレーのレジェンド　ビル・キャンベルの成功の教え","エリック・シュミット, ジョナサン・ローゼンバーグ, アラン・イーグル","2019年12月1日","UNKNOWN"
"見て試してわかる機械学習アルゴリズムの仕組み 機械学習図鑑","秋庭 伸也, 杉山 阿聖, 寺田 学","2019年12月1日","UNKNOWN"
"ゼロ・トゥ・ワン　君はゼロから何を生み出せるか","ピーター・ティール, ブレイク・マスターズ","2019年12月1日","UNKNOWN"
"Elasticsearch実践ガイド impress top gearシリーズ","惣道 哲也","2019年12月1日","UNKNOWN"
"２０３０年の世界地図帳　あたらしい経済とSDGs、未来への展望","落合 陽一","2019年11月15日","UNKNOWN"
"いちばんやさしい量子コンピューターの教本　人気講師が教える世界が注目する最新テクノロジー 「いちばんやさしい教本」シリーズ","湊雄一郎","2019年11月3日","UNKNOWN"
"確率思考の戦略論　ＵＳＪでも実証された数学マーケティングの力 (角川書店単行本)","森岡 毅, 今西 聖貴","2019年10月22日","UNKNOWN"
"理科系の作文技術（リフロー版） (中公新書)","木下是雄","2019年10月22日","UNKNOWN"
"イノベーターズ２　天才、ハッカー、ギークがおりなすデジタル革命史","ウォルター・アイザックソン","2019年10月20日","UNKNOWN"
"ヤバい集中力　1日ブッ通しでアタマが冴えわたる神ライフハック45","鈴木 祐","2019年10月13日","UNKNOWN"
"鬼滅の刃 17 (ジャンプコミックスDIGITAL)","吾峠呼世晴","2019年10月8日","READ"
"鬼滅の刃 16 (ジャンプコミックスDIGITAL)","吾峠呼世晴","2019年10月8日","READ"
"鬼滅の刃 13 (ジャンプコミックスDIGITAL)","吾峠呼世晴","2019年10月5日","READ"
"鬼滅の刃 15 (ジャンプコミックスDIGITAL)","吾峠呼世晴","2019年10月5日","READ"
"鬼滅の刃 14 (ジャンプコミックスDIGITAL)","吾峠呼世晴","2019年10月5日","READ"
"鬼滅の刃 12 (ジャンプコミックスDIGITAL)","吾峠呼世晴","2019年10月5日","READ"
"鬼滅の刃 11 (ジャンプコミックスDIGITAL)","吾峠呼世晴","2019年10月5日","READ"
"鬼滅の刃 10 (ジャンプコミックスDIGITAL)","吾峠呼世晴","2019年10月5日","UNKNOWN"
"鬼滅の刃 8 (ジャンプコミックスDIGITAL)","吾峠呼世晴","2019年10月4日","READ"
"鬼滅の刃 7 (ジャンプコミックスDIGITAL)","吾峠呼世晴","2019年10月4日","READ"
"鬼滅の刃 9 (ジャンプコミックスDIGITAL)","吾峠呼世晴","2019年10月4日","READ"
"「目的思考」で学びが変わる──千代田区立麹町中学校長・工藤勇一の挑戦","多田慎介","2019年9月26日","UNKNOWN"
"ローカル女子の遠吠え【電子限定版】　５巻 (まんがタイムコミックス)","瀬戸口みづき","2019年9月21日","READ"
"ローカル女子の遠吠え【電子限定版】　４巻 (まんがタイムコミックス)","瀬戸口みづき","2019年9月20日","READ"
"ローカル女子の遠吠え【電子限定版】　３巻 (まんがタイムコミックス)","瀬戸口みづき","2019年9月20日","READ"
"ローカル女子の遠吠え【電子限定版】　２巻 (まんがタイムコミックス)","瀬戸口みづき","2019年9月18日","READ"
"「ついやってしまう」体験のつくりかた――人を動かす「直感・驚き・物語」のしくみ","玉樹 真一郎","2019年8月16日","UNKNOWN"
"岩田さん: 岩田聡はこんなことを話していた。 (ほぼ日ブックス)","ほぼ日刊イトイ新聞","2019年8月7日","UNKNOWN"
"楽園のカンヴァス（新潮文庫）","原田 マハ","2019年8月3日","UNKNOWN"
"Think clearly　最新の学術研究から導いた、よりよい人生を送るための思考法","ロルフ・ドベリ","2019年8月3日","UNKNOWN"
"オービタル・クラウド 上 (ハヤカワ文庫JA)","藤井 太洋","2019年7月23日","UNKNOWN"
"三体","劉 慈欣","2019年7月13日","UNKNOWN"
"アルゴリズム図鑑 絵で見てわかる26のアルゴリズム","石田保輝, 宮崎修一","2019年7月9日","UNKNOWN"
"お金は寝かせて増やしなさい","水瀬ケンイチ","2019年7月9日","UNKNOWN"
"トークンエコノミービジネスの教科書","高 榮郁","2019年7月9日","UNKNOWN"
"時間術大全――人生が本当に変わる「８７の時間ワザ」","ジェイク・ナップ, ジョン・ゼラツキー","2019年6月29日","UNKNOWN"
"Rustで始めるネットワークプログラミング","小野 輝也","2019年6月13日","UNKNOWN"
"ワールドトリガー 20 (ジャンプコミックスDIGITAL)","葦原大介","2019年6月4日","READ"
"女の機嫌の直し方（インターナショナル新書） (集英社インターナショナル)","黒川伊保子","2019年5月29日","UNKNOWN"
"いま知っておきたい「みらいのお金」の話","松田 学","2019年5月19日","UNKNOWN"
"実験思考　世の中、すべては実験 (NewsPicks Book)","光本勇介","2019年5月15日","UNKNOWN"
"芸術起業論 (幻冬舎文庫)","村上隆","2019年5月12日","UNKNOWN"
"なるほどデザイン","筒井 美希","2019年5月8日","UNKNOWN"
"HTML5/CSS3モダンコーディング フロントエンドエンジニアが教える3つの本格レイアウト スタンダード・グリッド・シングルページレイアウトの作り方","吉田真麻","2019年5月3日","UNKNOWN"
"UIデザイン　みんなで考え、カイゼンする。","栄前田 勝太郎, 河西 紀明, 西田 陽子","2019年5月3日","UNKNOWN"
"正義と微笑","TRkin","2019年4月23日","UNKNOWN"
"日本人のための 一発で通じる英語発音","松井 博","2019年4月16日","UNKNOWN"
"ワールドトリガー 14 (ジャンプコミックスDIGITAL)","葦原大介","2019年4月6日","READ"
"ワールドトリガー 19 (ジャンプコミックスDIGITAL)","葦原大介","2019年3月28日","READ"
"ワールドトリガー 18 (ジャンプコミックスDIGITAL)","葦原大介","2019年3月28日","READ"
"ワールドトリガー 17 (ジャンプコミックスDIGITAL)","葦原大介","2019年3月28日","READ"
"ワールドトリガー 16 (ジャンプコミックスDIGITAL)","葦原大介","2019年3月28日","READ"
"ワールドトリガー 15 (ジャンプコミックスDIGITAL)","葦原大介","2019年3月28日","READ"
"コンビニ人間 (文春文庫)","村田 沙耶香","2019年1月27日","UNKNOWN"
"愛するということ 新訳版","エーリッヒ・フロム","2019年1月27日","UNKNOWN"
"フリーエージェント社会の到来　新装版","Daniel H. Pink","2019年1月1日","UNKNOWN"
"メイドインアビス（６） (バンブーコミックス)","つくしあきひと","2019年1月1日","READ"
"シリーズ・応用力が付くC#入門『数値計算とC#』","川俣晶","2018年12月25日","UNKNOWN"
"下町ロケット　ヤタガラス","池井戸潤","2018年12月22日","READ"
"知的生活の設計―――「10年後の自分」を支える83の戦略","堀 正岳","2018年12月3日","UNKNOWN"
"反脆弱性［上］――不確実な世界を生き延びる唯一の考え方","ナシーム・ニコラス・タレブ","2018年11月26日","UNKNOWN"
"知ってるつもり　無知の科学 (早川書房)","スティーブン スローマン, フィリップ ファーンバック","2018年10月15日","UNKNOWN"
"思考を広げる　まとめる　深める技術 (中経出版)","太田 薫正","2018年10月2日","UNKNOWN"
"NETFLIXの最強人事戦略～自由と責任の文化を築く～","パティ・マッコード","2018年9月8日","UNKNOWN"
"Learn Better ― 頭の使い方が変わり、学びが深まる6つのステップ","アーリック・ボーザー","2018年9月1日","UNKNOWN"
"「ラクして速い」が一番すごい","松本利明","2018年8月26日","UNKNOWN"
"予想どおりに不合理　　行動経済学が明かす「あなたがそれを選ぶわけ」","ダン アリエリー","2018年8月12日","UNKNOWN"
"世界のエリートはなぜ「美意識」を鍛えるのか？～経営における「アート」と「サイエンス」～ (光文社新書)","山口 周","2018年7月23日","UNKNOWN"
"デザインが日本を変える～日本人の美意識を取り戻す～ (光文社新書)","前田 育男","2018年6月18日","UNKNOWN"
"プラットフォーム革命――経済を支配するビジネスモデルはどう機能し、どう作られるのか","アレックス・モザド, ニコラス・L・ジョンソン","2018年6月4日","UNKNOWN"
"具体と抽象","細谷 功","2018年5月3日","UNKNOWN"
"会社を変える分析の力 (講談社現代新書)","河本薫","2018年4月29日","UNKNOWN"
"デジタル時代の基礎知識『ブランディング』 「顧客体験」で差がつく時代の新しいルール（MarkeZine BOOKS）","山口 義宏","2018年3月27日","UNKNOWN"
"統計学が最強の学問である［実践編］","西内 啓","2018年3月21日","UNKNOWN"
"まずはこの一冊から 意味がわかる線形代数 (BERET SCIENCE)","石井俊全","2018年3月6日","UNKNOWN"
"エンジニアリング組織論への招待　～不確実性に向き合う思考と組織のリファクタリング","広木 大地","2018年2月27日","UNKNOWN"
"自然言語処理の基本と技術","グラム・ニュービッグ, 萩原正人, 奥野陽","2018年2月16日","UNKNOWN"
"静かなリーダーシップ","Jr. Joseph L. Badaracco","2018年2月16日","UNKNOWN"
"データ分析の力　因果関係に迫る思考法 (光文社新書)","伊藤 公一朗","2018年2月5日","UNKNOWN"
"ジョブ理論　イノベーションを予測可能にする消費のメカニズム","クレイトン・Ｍ・クリステンセン","2018年1月27日","UNKNOWN"
"エゴを抑える技術","ライアン・ホリデイ","2018年1月7日","UNKNOWN"
"最強のデータ分析組織","河本 薫","2017年12月23日","UNKNOWN"
"ふつうのLinuxプログラミング 第2版　Linuxの仕組みから学べるgccプログラミングの王道","青木 峰郎","2017年12月18日","UNKNOWN"
"お金2.0　新しい経済のルールと生き方 (NewsPicks Book)","佐藤航陽","2017年12月2日","UNKNOWN"
"誰がアパレルを殺すのか　特別編","杉原 淳一, 染原 睦美","2017年10月29日","UNKNOWN"
"モバイル時代のCRM（MarkeZine Digital First） スマホで顧客コミュニケーションはどう変わったか？","株式会社オプト（伴大二郎）","2017年10月21日","UNKNOWN"
"組織も人も変わることができる！　なぜ部下とうまくいかないのか　「自他変革」の発達心理学","加藤洋平","2017年10月15日","UNKNOWN"
"コトラーのマーケティング4.0　スマートフォン時代の究極法則","フィリップ・コトラー, ヘルマワン・カルタジャヤ, イワン・セティアワン","2017年10月14日","UNKNOWN"
"「デザイン思考」を超えるデザイン思考 DIAMOND ハーバード・ビジネス・レビュー論文","濱口 秀司, DIAMONDハーバード・ビジネス・レビュー編集部","2017年10月9日","UNKNOWN"
"融けるデザイン　ハード×ソフト×ネット時代の新たな設計論","渡邊 恵太","2017年8月3日","UNKNOWN"
"成人発達理論による能力の成長 ダイナミックスキル理論の実践的活用法","加藤洋平","2017年8月1日","UNKNOWN"
"「すぐ不安になってしまう」が一瞬で消える方法","大嶋 信頼","2017年7月17日","READ"
"ビジネス・フォー・パンクス","ジェームズ・ワット","2017年7月7日","UNKNOWN"
"情報なき国家の悲劇　大本営参謀の情報戦記 (文春文庫)","堀　栄三","2017年6月19日","UNKNOWN"
"リクルートの　すごい構“創”力　アイデアを事業に仕上げる9メソッド (日本経済新聞出版)","杉田浩章","2017年6月18日","UNKNOWN"
"カール教授のビジネス集中講義（3）　マーケティング　立ち読み版","平野敦士カール","2017年6月12日","UNKNOWN"
"なぜあの人が話すと納得してしまうのか？ 価値を生み出す「バリュークリエイト交渉術」 (きずな出版)","大森 健巳","2017年5月1日","UNKNOWN"
"人を動かす　文庫版","Ｄ・カーネギー","2017年4月2日","UNKNOWN"
"『徹夜しないで人の2倍仕事をする技術三田流マンガ論 ─三田紀房流マンガ論─ 』 (コルク)","三田紀房","2017年3月17日","READ"
"最高の結果を引き出す質問力　その問い方が、脳を変える！","茂木健一郎","2017年3月10日","UNKNOWN"
"キャズム Ver.2 増補改訂版 新商品をブレイクさせる「超」マーケティング理論","ジェフリー・ムーア","2017年2月22日","UNKNOWN"
"悪いヤツほど出世する (日本経済新聞出版)","ジェフリー・フェファー","2017年1月7日","UNKNOWN"
"人工知能は人間を超えるか (角川ＥＰＵＢ選書)","松尾 豊","2016年12月24日","UNKNOWN"
"ハーバードの“正しい疑問”を持つ技術　成果を上げるリーダーの習慣","ロバート・スティーヴン・ カプラン","2016年12月10日","UNKNOWN"
"脳が冴える１５の習慣　―記憶・集中・思考力を高める　生活人新書","築山 節","2016年8月3日","UNKNOWN"
"ピクサー流　創造するちから","Ed Catmull, Amy Wallace","2016年2月6日","UNKNOWN"
"【全15巻合本版】角川インターネット講座 (角川学芸出版全集)","村井 純","2016年1月24日","UNKNOWN"
"速習ECMAScript6: 次世代の標準JavaScriptを今すぐマスター！ 速習シリーズ","山田祥寛","2016年1月21日","UNKNOWN"
"ユーザインタフェース開発失敗の本質","大坪五郎","2016年1月7日","UNKNOWN"
"未来に先回りする思考法","佐藤航陽","2015年12月28日","UNKNOWN"
"Dive Into Python 3 日本語版","Mark Pilgrim","2015年10月19日","UNKNOWN"
"データサイエンティスト養成読本　機械学習入門編","比戸将平, 馬場雪乃, 里洋平, 戸嶋龍哉, 得居誠也, 福島真太朗, 加藤公一, 関喜史, 阿部厳, 熊崎宏樹","2015年9月10日","UNKNOWN"
"Clojureによる、初めての関数型プログラミング","gpsoft","2015年9月9日","UNKNOWN"
"Guide to ScalaーScalaプログラミング入門","中村修太","2015年9月7日","UNKNOWN"
"Inspired: 顧客の心を捉える製品の創り方","マーティ ケイガン","2015年8月4日","UNKNOWN"
"ワーク・ルールズ！―君の生き方とリーダーシップを変える","ラズロ・ボック","2015年7月31日","UNKNOWN"
"シンプルに考える","森川 亮","2015年6月4日","READ"
"世界基準の上司 (中経出版)","赤羽 雄二","2015年4月6日","UNKNOWN"
"嫌われる勇気","岸見 一郎, 古賀 史健","2015年2月21日","READ"
"Effective JavaScript　JavaScriptを使うときに知っておきたい68の冴えたやり方","Devid Herman","2014年11月27日","UNKNOWN"
"エースと呼ばれる人は何をしているのか","夏 まゆみ","2014年10月30日","READ"
"How Google Works (日本経済新聞出版)","エリック・シュミット, ジョナサン・ローゼンバーグ, アラン・イーグル, ラリー・ペイジ","2014年10月18日","UNKNOWN"
"アルゴリズムが世界を支配する (角川ＥＰＵＢ選書)","クリストファー・スタイナー","2014年10月13日","UNKNOWN"
"【編集版】世界の大富豪2000人がこっそり教えてくれたこと＋世界の大富豪2000人がこっそり教える「人に好かれる」極意 (王様文庫)","トニー野中","2014年10月5日","UNKNOWN"
"Developer's Code　本物のプログラマがしていること (アスキー書籍)","Ｋａ　Ｗａｉ　Ｃｈｅｕｎｇ, 新丈 径","2014年10月1日","UNKNOWN"
"プログラマの考え方がおもしろいほど身につく本　問題解決能力を鍛えよう！ (アスキー書籍)","Ｖ．Ａｎｔｏｎ Ｓｐｒａｕｌ, 角 征典, 高木 正弘","2014年9月30日","UNKNOWN"
"ワールドカップ代表選手に学ぶ　夢が現実化する思考法　【完全版　各国69選手をピックアップ！】: ワールドカップ代表選手たちが、なぜ、群を抜く結果を残せるのか、そのビジネスマインドに迫る。","水野俊哉","2014年9月12日","UNKNOWN"
"なぜ、戦略を実行するのはむずかしい？ 組織のなやみ研究所","株式会社富士ゼロックス総合教育研究所","2014年9月7日","UNKNOWN"
"世界の大富豪２０００人がこっそり教えてくれたこと (王様文庫)","トニー野中","2014年5月5日","READ"
"無印良品は、仕組みが９割　仕事はシンプルにやりなさい (角川書店単行本)","松井 忠三","2014年4月28日","UNKNOWN"
"情報処理教科書 データベーススペシャリスト 2014年版","三好康之, 山下真吾, 松田幹子, ITのプロ46","2014年4月13日","UNKNOWN"
"99％の人がしていないたった1％のリーダーのコツ","河野英太郎","2013年6月22日","UNKNOWN"
"勝ち続ける意志力　世界一プロ・ゲーマーの「仕事術」　(小学館101新書)","梅原大吾","2013年1月3日","UNKNOWN"
"マネー・ボール RHブックス・プラス","マイケル・ルイス","2012年11月3日","READ"